C/A,UNIT,STATION,DIVISION,LINENAME,ENTRIES_10_12,EXITS_10_12,ENTRIES_13_16,EXITS_13_16,ENTRIES_17_20,EXITS_17_20,ENTRIES_21_22,EXITS_21_22,OPENED,CLOSED,PRIOR_REMOTES,PRIOR_STATIONS
55,R508,,,,0,0,0,0,,,,,,,,
A002,R051,59 ST,BMT,NQR456W,12564827,7895518,21649706,13026156,14213095,8899547,2883199,2777924,,,,LEXINGTON AVE
A006,R079,5 AV/59 ST,BMT,NQRW,11794711,9515426,17653925,12317816,12178726,8730248,2427387,2614529,,,,"5 AV,5 AVE-59 ST"
A007,R079,5 AV/59 ST,BMT,NQRW,4246120,4205013,6461163,5608551,5192527,3893693,940742,1159559,,,,"5 AV,5 AVE-59 ST"
A010,R080,57 ST-7 AV,BMT,NQRW,14090031,4914333,21950636,7898801,22291381,8131773,3974973,2617516,,,,57 ST-7 AVE
A011,R080,57 ST-7 AV,BMT,NQRW,9631039,9177210,15702431,14976804,15939914,17717818,2572503,5727542,,,,57 ST-7 AVE
A013,R081,49 ST,BMT,NQRW,5471830,7715749,8694016,11458790,7249895,9230600,1364207,2788183,,,,"49 ST-7 AV,49 ST-7 AVE"
A014,R081,49 ST,BMT,NQRW,3956580,4413243,5091282,6199291,3248398,4434515,446962,1005784,,10/12/22 12:00,,"49 ST-7 AV,49 ST-7 AVE"
A015,R081,49 ST,BMT,NQRW,8058644,5235679,12804936,7517846,10397443,5663243,1442925,1523609,,,,"49 ST-7 AV,49 ST-7 AVE"
A016,R081,49 ST,BMT,NQRW,4728695,2582526,7042695,3924801,5896178,3086279,1132027,1091127,,,,"49 ST-7 AV,49 ST-7 AVE"
A021,R032,TIMES SQ-42 ST,BMT,ACENQRS1237W,8791381,14504379,14708293,22668983,15487464,22503647,2582684,6054859,,,,"42 ST - TIMES S,42 ST-TIMES SQ"
A022,R022,34 ST-HERALD SQ,BMT,BDFMNQRW,14847108,9378989,23120431,13043007,18041664,12432158,2638520,3275581,,,,34 STREET
A025,R023,34 ST-HERALD SQ,BMT,BDFMNQRW,22682145,22143942,36664220,32471879,34325153,30030173,6264758,8841072,,,,34 STREET
A027,R082,28 ST,BMT,NRW,4846752,4747544,8715086,7674097,7926272,6734518,1233931,1895147,,,,28 ST-BROADWAY
A029,R082,28 ST,BMT,NRW,4053205,6002003,6933975,9974386,5918160,8686464,874392,2238621,,,,28 ST-BROADWAY
A030,R083,23 ST,BMT,NRW,10984871,5223199,18948812,8296875,15609299,6801666,2318080,1697688,,,,23 ST-5 AVE
A031,R083,23 ST,BMT,NRW,6857769,4692143,11557818,8199945,9559983,7175599,1341459,1837888,,,,23 ST-5 AVE
A033,R170,14 ST-UNION SQ,BMT,LNQR456W,17994498,17087479,27640340,26239957,24495051,23701248,3782129,6133964,,,,
A034,R170,14 ST-UNION SQ,BMT,LNQR456W,20853230,21700471,29680375,32997266,23298301,27722155,4322325,8102549,,,,
A035,R170,14 ST-UNION SQ,BMT,LNQR456W,9173723,10025489,13397607,13827255,9758132,10240765,1659569,2794647,,,,
A037,R170,14 ST-UNION SQ,BMT,LNQR456W,16170157,6992011,24465927,9754433,18900220,6961589,2911859,2301104,,,,
A038,R085,8 ST-NYU,BMT,NRW,11085960,3252197,16686126,4679269,13337479,4216558,2025197,1605069,,,,"8 ST-BROADWAY,8 ST-B'WAY NYU"
A039,R085,8 ST-NYU,BMT,NRW,4279107,8057988,6340379,11682349,5082515,9020589,776526,2474948,,,,"8 ST-BROADWAY,8 ST-B'WAY NYU"
A041,R086,PRINCE ST,BMT,NRW,11182664,4212842,15565502,6332238,11568067,5119408,1814611,1376863,,,,PRINCE ST-B'WAY
A042,R086,PRINCE ST,BMT,NRW,3721057,11078094,5805014,14924509,4335919,10343713,662441,3041459,,,,PRINCE ST-B'WAY
A043,R462,CANAL ST,BMT,JNQRZ6W,12424742,11036191,16965017,14874365,17384758,16253588,3040031,4484285,,,,
A046,R463,CANAL ST,BMT,JNQRZ6W,20602765,18384233,28617966,24528694,22919940,18302130,4330135,5614410,,,,
A047,R087,CITY HALL,BMT,NRW,6810909,3519462,6601256,3689028,6547278,3655035,1154151,900234,,,,MURRAY ST-B'WAY
A049,R088,CORTLANDT ST,BMT,RNW,0,58,2308522,2627591,11594597,8417693,1572739,1603020,11/27/12 15:36,,,
A050,R088,CORTLANDT ST,BMT,RNW,4605563,3108963,7856222,4784566,6686108,2634064,840339,657648,,,,
A052,R088,CORTLANDT ST,BMT,RNW,,,0,0,1810659,3255375,549763,1182297,12/30/17 0:00,,,
A053,R088,CORTLANDT ST,BMT,RNW,,,,,997755,2035154,227689,724372,12/30/17 0:00,,,
A054,R227,RECTOR ST,BMT,NRW,3773800,2043470,4620814,1712558,5028071,1673947,653561,474445,,,,
A055,R227,RECTOR ST,BMT,NRW,2522108,806630,2050829,785600,2074845,681273,354038,220803,,,,
A058,R001,WHITEHALL S-FRY,BMT,R1W,2796148,3144249,3940237,4259457,5149273,5730611,749810,1272529,,,,"WHITEHALL,WHITEHALL ST"
A060,R001,WHITEHALL S-FRY,BMT,R1W,9817178,8421905,12231487,10215979,13784096,12389746,2394344,3013642,,,,"WHITEHALL,WHITEHALL ST"
A061,R142,DELANCEY/ESSEX,BMT,FJMZ,7169626,5038535,12021138,7817854,10320809,7407099,2063032,2772667,,,,ESSEX ST
A064,R311,BOWERY,BMT,JZ,2718046,2772825,4467543,4091619,4465934,3937585,787360,1623312,,,,
A066,R118,CANAL ST,BMT,JNQRZ6W,9708385,5316362,15605171,6615752,13115055,4059070,2333155,1843779,,,,
A069,R044,CHAMBERS ST,BMT,JZ456,5532885,10540901,8021884,15524289,6477662,12006408,1369124,3756593,,,,CHAMBERS STREET
A071,R044,CHAMBERS ST,BMT,JZ456,3710213,1660640,5407655,1442695,4143414,967471,752401,287546,,,,CHAMBERS STREET
A077,R028,FULTON ST,BMT,ACJZ2345,3029494,1569230,4115062,2470970,3117204,2128638,562013,714209,,,R002,FULTON STREET
A081,R028,FULTON ST,BMT,ACJZ2345,1201515,3056979,2196669,5909365,2045596,6208217,411936,2247017,,,R002,FULTON STREET
A082,R028,FULTON ST,BMT,ACJZ2345,1011829,120357,1724866,309192,1442623,180861,165616,34156,,,R002,FULTON STREET
A083,R125,BROAD ST,BMT,JZ,1483000,1394363,2470460,2447650,2861240,2611848,407196,704491,,,,
A084,R125,BROAD ST,BMT,JZ,2547301,64539,4772251,75628,4295614,213143,767792,97385,,,,
A085,R125,BROAD ST,BMT,JZ,22586,109153,0,97,0,114,0,131,,,,
B002,R057,ATLANTIC AVE,BMT,BDNQR2345,,,0,0,,,,,,,,
B004,R171,7 AV,BMT,BQ,7975835,7673685,11824114,11005528,10611578,9968478,1960352,3082487,,,,7 AVE
B009,R411,PARK PLACE,BMT,S,1905534,2095620,2458902,2745953,1879020,2148773,418896,666174,,,,PARK PL
B010,R412,BOTANIC GARDEN,BMT,S2345,1681466,2068978,2245987,2979411,1546190,2331876,369945,838036,,,,
B012,R196,PROSPECT PARK,BMT,BQS,3246933,3188720,5235294,5007936,4458983,4539195,970368,1585343,,,,
B013,R196,PROSPECT PARK,BMT,BQS,4655049,4467502,8044804,7146749,7072466,6262813,1613888,2263869,,,,
B014,R148,PARKSIDE AV,BMT,BQ,5460175,4579422,6567079,5038299,6863882,4990446,1621038,1863435,,,,PARKSIDE AVE
B015,R098,CHURCH AV,BMT,BQ,3864579,3455264,7419585,6437457,6179543,5488727,1404816,1998809,,,,CHURCH AVE
B016,R098,CHURCH AV,BMT,BQ,9181524,9843281,15033518,16113521,12019791,13325260,2841098,4197767,,,,CHURCH AVE
B017,R262,BEVERLEY ROAD,BMT,BQ,2854770,2574079,3470305,3237237,3687464,3423564,939437,1296262,,,,BEVERLEY RD
B018,R184,CORTELYOU RD,BMT,BQ,5686680,2554720,7551200,2646212,6962049,2263052,1632013,860454,,,,CORTELYOU ROAD
B019,R149,NEWKIRK PLAZA,BMT,BQ,8172662,7858164,13595100,12851967,11483262,10883238,2737296,3640572,,,,"NEWKIRK AV,NEWKIRK AVE"
B020,R263,AVENUE H,BMT,BQ,6980961,4069252,3667346,2898839,3645840,3106992,2199802,1385892,,,,AVE H
B021,R228,AVENUE J,BMT,BQ,8716500,7030770,7518700,3978903,6502109,3368206,1665957,1324012,,,,"AV J,AVE J"
B022,R229,AVENUE M,BMT,BQ,5715372,3207427,7054854,2814846,6225405,2645700,1623166,1027884,,,,"AV M,AVE M"
B023,R211,KINGS HWY,BMT,BQ,4426171,3475263,6216455,3497398,5310004,2595537,1281551,896504,,,,KINGS HIGHWAY
B024,R211,KINGS HWY,BMT,BQ,4855681,4447416,8982175,8164992,8465192,7366857,2322647,2685731,6/12/10 11:18,,,KINGS HIGHWAY
B024A,R211,KINGS HWY,BMT,BQ,5769780,6306758,8440457,9872723,7121634,8400259,1752611,2703406,,,,KINGS HIGHWAY
B025,R150,AVENUE U,BMT,BQ,5239612,3079711,9061152,3410165,8196560,3144796,2178054,1058541,,,,"AV U,AVE U"
B026,R230,NECK RD,BMT,BQ,3115509,3334697,5225645,1410024,4843316,1455540,1144470,458544,,,,NECK ROAD
B027,R136,SHEEPSHEAD BAY,BMT,BQ,8317190,8687946,12332789,12697751,10413392,10776440,2455488,3540726,,,,
B028,R136,SHEEPSHEAD BAY,BMT,BQ,3280267,2530749,4950298,3077277,4335487,2725093,969454,900627,,,,
B029,R172,BRIGHTON BEACH,BMT,BQ,7128612,5843525,10591550,5001240,8972217,3706477,2057420,1259439,,,,
B031,R172,BRIGHTON BEACH,BMT,BQ,3575919,4744749,5372963,6435202,4462931,5061865,1164662,1728474,,,,
B032,R264,OCEAN PKWY,BMT,Q,1875922,1452862,2613884,1436178,2448252,1218571,648533,456505,,,,OCEAN PARKWAY
B034,R264,OCEAN PKWY,BMT,Q,960830,803969,1470081,1085896,1189480,684266,298477,227629,,,,OCEAN PARKWAY
C001,R108,BOROUGH HALL,BMT,R2345,2031150,2078823,2333456,1954655,2728218,1840872,398530,393200,,9/22/22 12:00,,BOROUGH HALL/CT
C003,R089,JAY ST-METROTEC,BMT,R,2496165,1947015,2518609,2133652,2062463,2429649,388065,685315,,,,LAWRENCE ST
C004,R089,JAY ST-METROTEC,BMT,R,765177,179622,1116778,373492,1999605,580882,320835,171813,,,,LAWRENCE ST
C008,R099,DEKALB AV,BMT,BDNQR,14259013,9049078,22000786,11503410,22955307,9759065,4499452,4336723,,,,DEKALB AVE
C009,R057,ATL AV-BARCLAY,BMT,BDNQR2345,10549750,12298573,15672769,18979125,13508537,15682849,3406326,5970282,,,,"BARCLAYS CENTER,PACIFIC ST"
C010,R231,UNION ST,BMT,R,4748382,1322607,6464126,1983463,5649263,1662958,1162913,767926,,,,
C011,R231,UNION ST,BMT,R,1175638,4091186,1851632,5158005,1580012,4115569,459165,1376448,,,,
C012,R258,4AV-9 ST,BMT,DFGMNR,5899190,3731688,11954357,7925695,9957620,7102069,2090191,2601016,,,,9 ST
C014,R246,PROSPECT AV,BMT,R,4222906,1034141,5935400,1359973,4191689,1281608,1042574,672119,,,,PROSPECT AVE
C015,R246,PROSPECT AV,BMT,R,926696,3842715,1325499,5048400,920388,2918898,343742,1294735,,,R454,PROSPECT AVE
C016,R278,25 ST,BMT,R,2573150,888622,3854146,1316841,3363890,1209332,779512,471507,,,,
C017,R455,25 ST,BMT,R,759154,2386837,1107192,3099898,918819,2411915,243012,920577,,,,
C018,R197,36 ST,BMT,DNR,10100585,8414559,16438954,11386416,15399411,9535125,4100489,4159142,,,,
C019,R232,45 ST,BMT,R,6214661,5077799,9162092,6263027,8271515,5118786,2211031,1992283,,,,
C020,R233,53 ST,BMT,R,6462594,3824913,9572777,4523178,7933612,7694314,2633375,3807694,,,,
C021,R212,59 ST,BMT,NRW,6683876,5752701,10677952,6945282,8574360,5068909,2371314,3257644,,,,
C022,R212,59 ST,BMT,NRW,3821826,2212387,6092588,2647760,6258910,2284467,1366980,1054024,,,,
C023,R213,BAY RIDGE AV,BMT,R,6877245,3735186,10452178,4678781,7036235,4035789,2079134,2017975,,,,BAY RIDGE AVE
C024,R214,77 ST,BMT,R,4333564,2544647,6926590,2904901,6177499,2295976,1366270,770513,,,,
C025,R215,86 ST,BMT,R,8171131,5676694,12999748,8403306,10367241,7334424,2777590,3453355,,,,
C026,R215,86 ST,BMT,R,1340304,779934,2234604,728476,1878377,411833,388251,217049,,,,
C027,R216,BAY RIDGE-95 ST,BMT,R,2975150,2997986,4499746,4470212,3753078,3689969,905258,1214601,,,,"BAY RIDGE AV,BAY RIDGE-95 ST"
C028,R216,BAY RIDGE-95 ST,BMT,R,1913281,345025,3070678,389721,2427500,205395,514012,68806,,,,"BAY RIDGE AV,BAY RIDGE-95 ST"
D001,R390,8 AV,BMT,N,,,,,881307,915218,819898,1175856,2/6/19 20:00,,,
D002,R390,8 AV,BMT,N,9536773,10248193,15967683,15861199,18116161,16606106,2513136,3252192,,,,8 AVE
D003,R391,FT HAMILTON PKY,BMT,N,3258662,2951066,4840090,4977177,2151800,1863993,1064331,1293183,,,,
D004,R391,FT HAMILTON PKY,BMT,N,2411841,131937,2444714,199124,1984657,425003,757304,132128,,,,
D005,R398,NEW UTRECHT AV,BMT,ND,5658298,4336760,6221748,5928165,11230206,6632418,1289793,1526570,,,,NEW UTRECHT AVE
D006,R398,NEW UTRECHT AV,BMT,ND,979483,923417,866715,728164,1096010,298701,332621,122695,,,,NEW UTRECHT AVE
D008,R392,18 AV,BMT,N,4858090,4404144,6000154,6124776,3889620,3226204,1599546,1949602,,,,18 AVE
D009,R393,20 AV,BMT,N,3348926,2896024,4363095,2665811,3395291,1562768,1176493,1442542,,,,20 AVE
D010,R394,BAY PKWY,BMT,N,3776288,3841244,8254054,7213184,16693079,21271538,1230546,1511117,,,,"BAY PKY-22 AV,BAY PKY-22 AVE"
D011,R394,BAY PKWY,BMT,N,2123354,1467434,2171394,1161230,3832643,1389589,882301,514846,,,,"BAY PKY-22 AV,BAY PKY-22 AVE"
D012,R395,KINGS HWY,BMT,N,4416336,3266048,5644185,4810231,4099082,3323430,1643274,2109349,,,,KINGS HIGHWAY
D015,R396,AVENUE U,BMT,N,3471736,3139197,4266648,3986067,3157026,2031486,1213900,1232228,,,,"AV U,AVE U"
D016,R397,86 ST,BMT,N,2193236,1076602,2981658,1164895,2237115,1799324,828496,1050257,,,,
E001,R368,9 AV,BMT,D,4687238,4803844,7601473,7604642,6030673,6222101,1670449,2214404,,,,9 AVE
E003,R369,FT HAMILTON PKY,BMT,D,10184874,6967885,5245773,3395402,4367852,2712782,1266821,1099125,,,,
E004,R234,50 ST,BMT,D,2519996,2539222,4050892,3870392,3510207,3208224,1051716,1229540,,,,
E005,R247,55 ST,BMT,D,1566951,1351768,2510192,1522173,2311720,1088845,640750,379840,,,,
E009,R370,71 ST,BMT,D,3336943,1835145,6563380,3103528,6211712,2188411,1436127,679456,,,,
E011,R371,79 ST,BMT,D,4562213,2063751,8228149,3029947,6809209,2179305,1770337,728289,,,,
E012,R372,18 AV,BMT,D,4618381,2736084,7972672,2665107,6799384,1819063,1735445,570188,,,,18 AVE
E013,R373,20 AV,BMT,D,3792383,2151948,6444119,2588227,5522967,1652226,1403115,505673,,,,20 AVE
E014,R374,BAY PKWY,BMT,D,5651153,5581484,9757446,9218743,8676982,7862744,2222632,2801185,,,,"BAY PKY,BAY PARKWAY"
E015,R399,25 AV,BMT,D,3480102,1499711,6539334,1916377,5702045,1443278,1271283,399960,,,,25 AVE
E016,R400,BAY 50 ST,BMT,D,2424761,1330381,3638580,1150570,2990038,651423,820379,378253,,,,
G001,R151,CONEY IS-STILLW,BMT,DFNQ,7002784,6619616,10799573,8284086,8426682,6008797,2272027,2220131,,,,"STILLWELL AV,STILLWELL AVE"
G009,R151,CONEY IS-STILLW,BMT,DFNQ,6663812,6788877,9775425,9912006,8095082,8347013,2149484,2854502,,,,"STILLWELL AV,STILLWELL AVE"
G011,R312,W 8 ST-AQUARIUM,BMT,FQ,1648168,1736695,2558032,2305612,1855798,2117051,516706,888399,,,,
G015,R312,W 8 ST-AQUARIUM,BMT,FQ,633373,100599,1027246,134650,954416,115565,229806,41055,,,,
H001,R175,8 AV,BMT,ACEL,20247403,15442789,33551518,22884715,25742014,16014274,5033685,5817153,,,,8 AVE
H003,R163,6 AV,BMT,FLM123,5163034,2126601,8044182,3402452,6178275,2830649,1107780,1136252,,,,6 AVE
H005,R330,3 AV,BMT,L,2152508,2978590,3605191,5054083,2421435,3994693,451203,1498991,,,,3 AVE
H006,R330,3 AV,BMT,L,3631263,2907479,6131063,4601018,4646321,3146745,942963,1059270,,,,3 AVE
H007,R248,1 AV,BMT,L,10916215,7536207,17684018,11673265,11456542,8520186,1164978,3107826,,,,1 AVE
H007A,R248,1 AV,BMT,L,,,,,1343622,2070419,2302917,4346786,10/26/19 8:00,,,
H008,R248,1 AV,BMT,L,8398399,13575206,13681215,21115574,8812261,13464495,1439089,2554847,,,,1 AVE
H009,R235,BEDFORD AV,BMT,L,21455893,17811782,38595227,35534244,29542867,28498548,4221252,7391373,,,,BEDFORD AVE
H010,R235,BEDFORD AV,BMT,L,,,,,188646,381079,1423682,5441430,8/29/20 0:00,,,
H012,R268,LORIMER ST,BMT,LG,5018099,2953787,8113449,2490938,6091218,1603638,896938,1760357,,,,
H013,R249,GRAHAM AV,BMT,L,7300366,974307,11366076,1466049,8667693,1202534,1552999,557633,,,,GRAHAM AVE
H014,R249,GRAHAM AV,BMT,L,1001109,4968888,1887322,7377261,1577606,5936531,382531,2230366,,,,GRAHAM AVE
H015,R250,GRAND ST,BMT,L,4274769,1629599,6820682,2451825,5599012,1816418,1264739,738382,,,,
H016,R250,GRAND ST,BMT,L,1580676,4216293,2419166,6650939,1622868,5279098,424126,1980258,,,,
H017,R265,MONTROSE AV,BMT,L,5475516,4511773,9229264,5949792,7404130,4506343,1566765,1969627,,,,MONTROSE AVE
H019,R294,MORGAN AV,BMT,L,5841278,2819977,10000284,3958467,8112970,4311481,1516746,2046007,,,,MORGAN AVE
H022,R279,JEFFERSON ST,BMT,L,4974689,2620912,9692881,2661876,8318225,2072634,1744980,933123,,,,
H023,R236,DEKALB AV,BMT,L,9307370,4757928,15710804,5412429,13169413,3630966,2936932,1532932,,,,DEKALB AVE
H026,R137,MYRTLE-WYCKOFF,BMT,LM,8350639,6519644,13858570,8808584,13924476,7446978,3295762,3365373,,,,"MYRTLE AV,MYRTLE AVE"
H027,R137,MYRTLE-WYCKOFF,BMT,LM,6643279,5332821,11768845,8419797,9319281,7056961,2044754,2415629,,,,"MYRTLE AV,MYRTLE AVE"
H028,R266,HALSEY ST,BMT,L,4852919,1327349,8728411,2046019,7631583,1858923,1586633,689184,,,,
H030,R266,HALSEY ST,BMT,L,847464,2306880,1300456,4068318,1096064,3723784,251963,1461864,,,,
H032,R295,WILSON AV,BMT,L,3038470,2844745,5333452,4883115,4876877,4537203,1111316,1735363,,,,WILSON AVE
H033,R313,BUSHWICK AV,BMT,L,1133688,1083727,2360092,1830530,2301487,1712835,623777,684585,,,,BUSHWICK AVE
H035,R348,ATLANTIC AV,BMT,L,1225784,472856,1956179,722960,1933206,840171,481599,328188,,,,ATLANTIC AVE
H037,R349,SUTTER AV,BMT,L,3645980,3354432,5920926,4459520,4284523,3577342,833345,1378939,,,,SUTTER AVE
H038,R350,LIVONIA AV,BMT,L,2344228,2146670,4047394,3273358,3411458,2768475,728980,992778,,,,LIVONIA AVE
H039,R375,NEW LOTS,BMT,L,3629520,3661177,6445144,6091755,5158904,5300079,1110326,1757444,,,,"NEW LOTS AV,NEW LOTS AVE"
H040,R376,EAST 105 ST,BMT,L,3027667,2850321,4841777,4427959,3957870,3999225,799479,1320447,,,,
H041,R152,CANARSIE-ROCKAW,BMT,L,10794591,4231931,16545620,4178832,12466566,9391994,2104060,1190708,,,,ROCKAWAY PKY
J001,R460,MARCY AV,BMT,JMZ,6919861,1537243,11277592,3736075,12588786,4235543,1641136,1780062,,,,MARCY AVE
J002,R460,MARCY AV,BMT,JMZ,2655070,4084846,4922024,7701635,5125711,7486237,1099565,2522659,,,,MARCY AVE
J003,R352,HEWES ST,BMT,JM,2332466,1231172,3754141,1897666,3421711,2288129,699794,1037223,,,,
J005,R353,LORIMER ST,BMT,JM,3996473,2522895,6295378,3305236,5671492,3712720,1147455,1522616,,,,
J007,R377,FLUSHING AV,BMT,JM,7379769,2975509,11704317,4093840,10089935,6414707,2120827,2175730,,,,FLUSHING AVE
J009,R378,MYRTLE AV,BMT,JMZ,8693143,7115597,14680536,9941909,13656312,8259669,2438711,3045836,,,,MYRTLE AVE
J012,R379,KOSCIUSZKO ST,BMT,J,3991010,2610699,6360071,3084456,6508970,2427591,1229342,956165,,,,KOSCIUSKO ST
J013,R380,GATES AV,BMT,JZ,5091914,2317633,8219620,3413256,7862544,3242443,1593419,1177859,,,,GATES AVE
J016,R381,HALSEY ST,BMT,J,4893086,2198430,8077016,3489426,7284325,3416453,1369896,1161970,,,,
J017,R432,CHAUNCEY ST,BMT,JZ,2628969,1213023,4099250,1841380,3800951,1798885,782599,590836,,,,
J020,R433,ALABAMA AV,BMT,J,2128463,2231314,3336334,3164646,2511017,2656985,649063,902766,,,,ALABAMA AVE
J021,R434,VAN SICLEN AV,BMT,JZ,2394169,2416201,3852016,3831959,2999950,3246173,776356,1214215,,,,VAN SICLEN AVE
J022,R435,CLEVELAND ST,BMT,J,2742028,2807760,4431405,4367264,3303629,3565603,741558,1344469,,,,
J023,R436,NORWOOD AV,BMT,JZ,2934617,2903547,4594479,4600951,3505017,3735412,789414,1352915,,,,NORWOOD AVE
J024,R437,CRESCENT ST,BMT,JZ,4096971,4392123,6404737,6694887,5209263,5992678,1239705,2270492,,,,
J025,R003,CYPRESS HILLS,BMT,J,1153395,868176,1824958,1176813,1528303,976937,417449,385298,,,,CYPRESS  HILLS
J028,R004,75 ST-ELDERTS,BMT,JZ,3036028,2493624,4749630,3622652,3692721,2674873,1041747,977084,,,,ELDERTS LANE
J030,R005,85 ST-FOREST PK,BMT,J,3080459,2403040,4933301,2845337,3923497,2106521,1061681,735244,,,,FOREST PARKWAY
J031,R006,WOODHAVEN BLVD,BMT,JZ,2812294,2295857,4443364,2641052,3625878,2430518,988885,950840,,,,
J032,R006,WOODHAVEN BLVD,BMT,JZ,822340,371818,1615239,531377,1384842,317341,420088,118819,,,,
J034,R007,104 ST,BMT,JZ,2094027,1757621,3346003,2274635,2149191,952093,753792,602943,,,,104 STREET
J035,R008,111 ST,BMT,J,2147156,1881264,3251878,2117134,2465273,1468831,653877,547050,,,,
J037,R009,121 ST,BMT,JZ,1872942,1528006,3102775,1983760,1819293,1219297,679443,593738,,,,
JFK01,R535,HOWARD BCH JFK,IND,A,916776,725834,437421,2140143,701709,1716576,319449,488041,,,,JFK HOWARD BCH
JFK02,R535,HOWARD BCH JFK,IND,A,1899381,743765,2788266,1567319,1370208,2813194,584477,543562,,,,JFK HOWARD BCH
JFK03,R536,JFK JAMAICA CT1,IND,E,5640435,5665223,10181149,10539790,11893865,9089379,3570300,3716817,,,,"JFK JAMAICA CT1,SUTPHIN-ARCHER"
K017,R401,CENTRAL AV,BMT,M,2424102,2064544,6432401,7743231,3366564,3224059,846526,1355315,,,,CENTRAL AVE
K019,R413,KNICKERBOCKER,BMT,M,2555028,1953506,4739574,4730345,3614889,3777009,1015403,1643289,,,,
K022,R402,SENECA AVE,BMT,M,1968313,1866910,3183646,3202057,2617014,2639708,704136,1090648,,,,SENECA AV
K024,R403,FOREST AVE,BMT,M,3073256,2677270,5092380,3829561,3719483,2980251,1117989,1253814,,,,FOREST AV
K025,R404,FRESH POND RD,BMT,M,4307025,2009402,7771658,7274096,5375687,5792748,1529485,2331772,,,,FRESH POND ROAD
K026,R100,METROPOLITAN AV,BMT,M,3256842,3126317,5327105,4900855,3563522,3536665,1104757,1428689,,,,
LGA01,R538,LGA AIRPORT CTB,IRT,7,,,11040,2406,,,,,12/10/13 7:00,12/11/13 11:00,,
LGA02,R538,LGA AIRPORT CTB,IRT,7,,,2962,6508,,,,,12/10/13 7:00,12/11/13 11:00,,
N001,R173,INWOOD-207 ST,IND,A,3245045,1802026,4961120,2323520,4243881,1659156,865761,479360,,,,207 ST/WASH HTS
N002A,R173,INWOOD-207 ST,IND,A,4955107,3138501,7299886,4108740,6332749,3492858,1522875,1293836,,,,207 ST/WASH HTS
N003,R185,DYCKMAN ST,IND,A,6107597,158097,8724717,223363,7450429,232244,1670849,122712,,,,DYCKMAN-200 ST
N006A,R280,190 ST,IND,A,3850257,1942700,5941474,2689621,5054182,1981716,886304,358576,,,,
N007A,R174,181 ST,IND,A,4791349,3799426,7573722,5788778,5987144,4879512,1602464,2286891,,,,
N009,R174,181 ST,IND,A,3957143,3822414,6366001,5472370,5684350,5086803,1203910,1591447,,,,
N010,R126,175 ST,IND,A,8669199,5264850,13104668,7745747,10835855,6793973,2344480,2417229,,,,
N011,R126,175 ST,IND,A,2166830,1387712,3582385,1522347,3115466,1021455,615485,323567,,,,
N012,R035,168 ST,IND,AC1,5428835,931431,9280204,2162652,7516545,1260809,1567925,494284,,,,168 ST-BROADWAY
N013,R035,168 ST,IND,AC1,4650543,3477921,7178901,5172707,7164346,3895975,1457915,1710840,,,,168 ST-BROADWAY
N016A,R296,163 ST-AMSTERDM,IND,C,3355994,2059255,5630693,2276046,4043309,2681799,1080287,1504397,,,,
N017,R331,155 ST,IND,C,2153867,1938597,3444506,2952689,3201864,2654048,686933,853151,,,,
N019,R101,145 ST,IND,ABCD,5245974,5207318,9005957,8597881,7716559,7661337,1635812,2585810,,,,
N020,R101,145 ST,IND,ABCD,13692913,13558651,22366147,21698306,18329251,18349115,3970093,5975938,,,,
N022,R332,135 ST,IND,BC,1216564,132188,2080530,165193,1882633,90300,389893,36334,,,,135TH STREET
N023,R332,135 ST,IND,BC,1167032,2252659,1884147,3451532,1514605,2977314,351180,959221,,,,135TH STREET
N024,R332,135 ST,IND,BC,1973903,1059494,2998112,1635238,2512249,1482307,503390,489436,,,,135TH STREET
N025,R102,125 ST,IND,ACBD,4539516,3396385,8698837,5899440,7710052,5220183,1658401,1943007,,,,
N026,R102,125 ST,IND,ACBD,18036857,16585282,29169665,25805709,24173629,22634966,5258677,7833770,,,,
N029,R333,116 ST,IND,BC,1850588,3110369,3082018,4083345,2530485,3043999,602472,1066965,,,,
N030,R333,116 ST,IND,BC,3558714,2373289,5898552,3267987,5270731,2713171,1069200,1014482,,,,
N034,R334,CATHEDRAL PKWY,IND,BC,2431679,1013723,4047027,1534131,3148868,1248095,759261,534981,,,,"110 ST-CATHEDRL,CATHEDRL-110 ST"
N035,R334,CATHEDRAL PKWY,IND,BC,3547983,3749047,5398125,4445940,3799117,2592773,989940,947164,,,,"110 ST-CATHEDRL,CATHEDRL-110 ST"
N037,R314,103 ST,IND,BC,4075614,3779729,6136749,4866056,5232266,3655865,1102039,1320316,,,,
N039,R251,96 ST,IND,BC,4190026,2413484,7235717,4090194,5674793,3535702,1262064,1135063,,,,
N040,R251,96 ST,IND,BC,3443589,4272596,5074371,5677536,4364006,4604587,961298,1703000,,,,
N043,R186,86 ST,IND,BC,8860444,5195385,13936184,6738923,9381458,8641875,2340272,3327513,,,,
N044,R187,81 ST-MUSEUM,IND,BC,7888044,6504146,12408107,10335129,10206604,8674263,2150558,2781792,,,,
N045,R187,81 ST-MUSEUM,IND,BC,3324574,2940743,5628969,4569570,4664056,3893000,915315,1251030,,,,
N046,R281,72 ST,IND,BC,7670090,6576489,11894928,10155879,8014090,7128430,2021101,2828357,,,,
N049,R084,59 ST COLUMBUS,IND,ABCD1,16508817,22856111,25997303,35467784,20740406,29117501,4398728,8805825,,,,59 ST-COLUMBUS
N051,R084,59 ST COLUMBUS,IND,ABCD1,30125956,14745024,47606365,22698685,41386741,22020977,7251292,6414236,,,,59 ST-COLUMBUS
N056,R188,50 ST,IND,CE,6150134,7779852,11058510,11927910,8935074,9028468,1811412,2799444,,,,
N057,R188,50 ST,IND,CE,9101211,4274489,15933810,6133369,13537321,4939539,2307151,1860353,,,,
N060,R010,42 ST-PORT AUTH,IND,ACENGRS1237W,9645164,9739856,17594685,16776784,14878406,14527067,2542838,4105395,,,,"42 ST,42 ST-PA BUS TE"
N062,R011,42 ST-PORT AUTH,IND,ACENQRS1237W,12851448,11961126,19701344,19585988,16062183,18144044,2215265,5430627,,,,"42 STREET,42 ST-PA BUS TE"
N062A,R010,42 ST-PORT AUTH,IND,ACENQRS1237W,17704324,14040748,30753013,21907737,23658072,17333264,4317891,5409885,,,,"42 ST,42 ST-PA BUS TE"
N063,R011,42 ST-PORT AUTH,IND,ACENQRS1237W,11865765,8201928,19511378,11039840,17235345,7759654,3402340,2857855,,,,"42 STREET,42 ST-PA BUS TE"
N063A,R011,42 ST-PORT AUTH,IND,ACENQRS1237W,28177515,19635172,45044598,27621404,38763745,24566237,8392775,9972709,,,,"42 STREET,42 ST-PA BUS TE"
N067,R012,34 ST-PENN STA,IND,ACE,17746232,19149010,28376587,30399261,24552355,24674421,5662286,7448499,,,,
N068,R012,34 ST-PENN STA,IND,ACE,5601084,3144627,9564176,5287860,8131199,5674050,1308032,1257108,,,,
N069,R013,34 ST-PENN STA,IND,ACE,4407267,3415302,7369863,5555235,6252647,5213075,1149220,1346354,,,,
N070,R012,34 ST-PENN STA,IND,ACE,8171556,6663268,11310373,9744098,8007822,8302736,1585790,2790955,,,,
N071,R013,34 ST-PENN STA,IND,ACE,5331935,8006481,8097686,11996301,7288538,10650480,1383759,3096990,,,,
N072,R012,34 ST-PENN STA,IND,ACE,20252445,8068636,32376467,12547304,24295554,10819918,3088610,3358538,,,,
N073,R013,34 ST-PENN STA,IND,ACE,6161877,13694280,8068853,19407720,7735447,15455954,1310739,4016615,,,,
N075,R111,23 ST,IND,CE,3211983,1046609,5889390,1383903,5091904,1053355,796980,361230,,,,
N076,R111,23 ST,IND,CE,10939311,6200460,17548541,9655371,13591931,7395905,2469286,2238572,,,,
N077,R111,23 ST,IND,CE,4766201,6728851,7644206,10520493,5996153,7602690,1028156,2120892,,,,
N078,R175,14 ST,IND,ACEL,14005896,14007432,24533902,22664078,22031596,21735135,3859624,7274547,,,,
N080,R138,W 4 ST-WASH SQ,IND,ABCDEFM,11773905,11556744,19478889,18033569,16288471,13395564,2935622,4900155,,,,
N083,R138,W 4 ST-WASH SQ,IND,ABCDEFM,22414295,22990703,36510326,36490791,29948759,29870547,5001529,9508386,,,,
N086,R282,SPRING ST,IND,CE,7291275,2059962,11288970,2572136,9241746,1995364,1638751,774803,,,,
N087,R282,SPRING ST,IND,CE,2442827,713898,4165810,946105,4137461,822575,767241,261847,,,,
N089,R139,CANAL ST,IND,ACE,10072399,5835303,15786596,10617846,13407888,11813076,2226918,3608692,,,,
N090,R139,CANAL ST,IND,ACE,5106141,5302474,8059679,8290231,7208132,6842507,1108312,1855375,,,,
N091,R029,CHAMBERS ST,IND,ACE23,9120440,6313739,15092943,9685257,13425255,8013483,2299391,2101509,,,,
N092,R029,CHAMBERS ST,IND,ACE23,19783213,8839484,28912613,13202393,15283363,9990731,2062263,2369567,,,,
N094,R029,WORLD TRADE CTR,IND,ACE23,10055188,5627860,16990922,8927702,17927498,13469171,2904948,3832584,,,,
N095,R014,FULTON ST,IND,ACJZ2345,10607336,6849268,30601732,13403752,22840868,9215597,3517774,2530431,,,,BROADWAY-NASSAU
N095A,R014,FULTON ST,IND,2345ACJZ,,,3833474,1370624,25265989,11100824,4852646,3265638,9/19/14 16:00,,,
N098,R028,FULTON ST,IND,2345ACJZ,1099172,1038558,15864003,14871286,11969880,12571375,2196380,3635145,9/15/12 3:00,,,
N100,R252,HIGH ST,IND,AC,3876060,4343871,7199845,7853347,7721226,8290593,1685149,2687815,,,,
N101,R252,HIGH ST,IND,AC,1910255,2235627,3207340,3941068,3427901,4483119,555104,1127117,,,,
N102,R127,JAY ST-METROTEC,IND,ACF,11106692,6884219,19416339,12758979,14896035,10954959,2449702,2751059,,,,JAY ST-BOROUGH
N103,R127,JAY ST-METROTEC,IND,ACF,16784413,11082983,28367289,15111786,24332344,12844076,4408787,5307034,,,,JAY ST-BOROUGH
N108,R217,HOYT-SCHER,IND,ACG,8281861,8209045,12410561,11108069,11985107,10510138,2551814,3951330,,,,HOYT/SCHERMER
N110,R283,LAFAYETTE AV,IND,C,4303775,2564039,6618123,3289304,5563589,2486537,1141296,913328,,,,LAFAYETTE AVE
N111,R284,CLINTON-WASH AV,IND,C,4118760,1166181,6694106,2154899,5705882,2306018,936918,848762,,,,
N112A,R284,CLINTON-WASH AV,IND,C,833749,2644382,1760162,4052023,1625100,3565860,362642,1089368,,,,
N113,R297,FRANKLIN AV,IND,ACS,2409001,1095398,4333186,1664998,3764838,1460316,504915,519435,,,,FRANKLIN AVE
N114,R297,FRANKLIN AV,IND,ACS,2833036,4534412,4153585,6880980,3285415,5863654,807903,1865661,,,,FRANKLIN AVE
N116,R198,NOSTRAND AV,IND,AC,9822928,4561995,16315866,6283430,14275931,5359282,3030945,2983786,,,,NOSTRAND AVE
N117,R198,NOSTRAND AV,IND,AC,4284424,6145242,6576778,10124184,5300815,9372506,984933,3168534,,,,NOSTRAND AVE
N118,R199,KINGSTON-THROOP,IND,C,1129781,3053760,1768902,4869615,1372443,4786706,287069,1650112,,,,
N119,R199,KINGSTON-THROOP,IND,C,3444846,1294722,6103257,1681941,5788640,1459956,1148368,633880,,,,
N120,R153,UTICA AV,IND,AC,7931136,6085176,12987136,9200321,12218257,9378769,2518934,3143937,,,,UTICA AVE
N120A,R153,UTICA AV,IND,AC,4331434,3707328,7187225,6022051,5891606,5216032,1049844,1614212,,,,UTICA AVE
N121B,R438,RALPH AV,IND,C,4353511,2928723,7345191,3692569,6512507,3417794,1363946,1233985,,,,RALPH AVE
N122,R439,ROCKAWAY AV,IND,C,2892920,2649494,4596808,4070740,3890674,3768198,845908,1229944,,,,ROCKAWAY AVE
N123B,R439,ROCKAWAY AV,IND,C,1373780,106919,2290487,154711,2391933,137504,495339,42692,,,,ROCKAWAY AVE
N124,R103,BROADWAY JCT,IND,ACJLZ,8103375,8971067,12912138,12151009,10451804,9721365,2364882,3078789,,,,BROADWAY-ENY
N125,R440,LIBERTY AV,IND,C,2242854,1790561,3471823,2010389,3026639,1553033,717080,580972,,,,LIBERTY AVE
N126,R441,VAN SICLEN AVE,IND,C,2487718,2437676,4026335,3716176,3443098,3364732,767280,1105850,,,,VAN SICLEN AV
N127,R442,SHEPHERD AV,IND,C,2585464,2141162,4214851,2533336,3567708,1971427,823746,767871,,,,SHEPHERD AVE
N128,R200,EUCLID AV,IND,AC,8582390,3367945,13976523,4131210,11814996,3899250,2713861,1496097,,,,EUCLID AVE
N129,R382,GRANT AV,IND,A,5388790,4972388,8439984,7086987,6576823,5684807,1478380,1938642,,,,GRANT AVE
N130,R383,80 ST,IND,A,1572290,875979,2249157,1131315,2046571,1052161,483110,313530,,,,HUDSON-80 ST
N131,R383,80 ST,IND,A,1974255,1827314,3247175,2471088,2592596,1561013,637339,523446,,,,HUDSON-80 ST
N133,R384,88 ST,IND,A,2213504,2147171,3450146,1892601,3053353,1249834,753058,426375,,,,BOYD-88 ST
N134,R385,ROCKAWAY BLVD,IND,A,3523104,2903456,5286843,2306005,4595271,1429476,1201641,429944,,,,
N135,R385,ROCKAWAY BLVD,IND,A,3151149,1230245,4296113,1709695,3749787,1202108,935368,346664,,,,
N137,R354,104 ST,IND,A,1407694,1272069,2095904,1107685,1935819,698662,503409,263388,,,,OXFORD-104 ST
N138,R355,111 ST,IND,A,805761,328653,1069541,428434,984729,375426,245560,108180,,,,GREENWOOD-111
N139,R355,111 ST,IND,A,1384354,1255184,1914519,1155866,1693815,591287,436165,189252,,,,GREENWOOD-111
N141,R356,OZONE PK LEFFRT,IND,A,6308763,5263739,9372053,8221792,8199544,6756071,2084439,2266843,,,,LEFFERTS BLVD
N181,R357,AQUEDUCT N.COND,IND,A,1596434,709147,1849028,2888961,1164591,1988087,220772,637321,,9/26/22 13:00,,AQUEDUCT-N CNDT
N181A,R464,AQUEDUCT RACETR,IND,A,68769,7924,2218534,252364,2189045,218545,383258,71165,,,,"AQUEDUCT,AQUEDUCT TRACK"
N182,R414,HOWARD BCH JFK,IND,A,1883236,728197,3645151,1026860,3091331,942420,660402,180086,,,,HOWARD BCH-JFK
N183,R415,BROAD CHANNEL,IND,AS,245356,77659,323027,106061,319251,93298,76142,42953,,9/28/22 13:00,,
N184,R416,BEACH 90 ST,IND,AS,970775,999441,1193185,1054477,1312141,1075509,235558,352499,,,,HOLLAND-B 90 ST
N185,R417,BEACH 98 ST,IND,AS,593037,696645,738226,772424,585067,593424,127269,212874,,,,PLAYLAND-B 98
N186,R418,BEACH 105 ST,IND,AS,224908,301428,367248,372511,330432,369953,70925,130886,,,,SEASIDE-B 105
N187,R419,ROCKAWAY PARK B,IND,AS,781836,966815,917368,1094809,866779,1028581,224832,365759,,,,ROCKAWAY PK 116
N191,R335,BEACH 67 ST,IND,A,1590982,1864146,2722964,2900767,2641644,2060704,633682,720220,,,,GASTON AV
N192,R336,BEACH 60 ST,IND,A,1763810,1811663,2822554,2945998,2385562,1882962,558556,613965,,,,STRAITON AV
N193,R337,BEACH 44 ST,IND,A,504106,619922,718031,796455,804288,920324,205699,344309,,,,FRANK AV
N194,R338,BEACH 36 ST,IND,A,688595,683233,1046071,1117868,1056485,1176666,277259,421467,,,,EDGMERE
N195,R358,BEACH 25 ST,IND,A,1223492,1496075,2002822,2224962,1978882,2258573,480656,772742,,,,WAVECREST-B 25
N196,R285,FAR ROCKAWAY,IND,A,3719519,4917257,5512290,5994781,5048648,5459944,1257444,1919034,,,,
N202,R315,155 ST,IND,BD,3427119,2212310,5257146,2745637,4100032,2284341,1007217,892800,,,,
N203,R195,161/YANKEE STAD,IND,BD4,9748514,5139238,15122934,7518473,12700127,6899548,2976136,2467960,,,,161 ST-YANKEE
N204,R195,161/YANKEE STAD,IND,BD4,,,0,0,,,,,,,,161 ST-YANKEE
N205,R195,161/YANKEE STAD,IND,BD4,4186781,3512021,6487554,5250975,5453340,4624353,1053602,1497281,,,,161 ST-YANKEE
N206,R104,167 ST,IND,BD,1691766,536190,2890841,771249,2112672,653743,553923,335365,,,,
N207,R104,167 ST,IND,BD,6336728,3698205,10214000,5101642,8633726,3809907,1859579,1360984,,,,
N208,R443,170 ST,IND,BD,2628037,1011068,4666378,1690356,4126213,1816099,880458,605617,,,,
N209,R443,170 ST,IND,BD,2773528,2087385,4476221,2887122,3821604,2582750,891634,941298,,,,
N210,R253,174-175 STS,IND,BD,2504758,1453113,4070579,1237026,2866464,970928,760653,401884,,,,174-175 ST
N212,R253,174-175 STS,IND,BD,1543772,1042634,2771672,1351617,2259132,1508518,597389,783478,,,,174-175 ST
N213,R154,TREMONT AV,IND,BD,7528343,6219420,12530881,8438994,11060643,7029689,2394630,2788338,,,,TREMONT AVE
N215,R237,182-183 STS,IND,BD,4017810,1662679,6504793,2354356,5435978,2129113,1314547,878299,,,,182-183 ST
N217,R112,FORDHAM RD,IND,BD,6438529,4900605,10469468,7205904,9024153,6737526,2180458,2512514,,,,FORDHAM ROAD
N218,R112,FORDHAM RD,IND,BD,3597665,429628,5385129,396507,4107481,373369,759481,123280,,,,FORDHAM ROAD
N220,R155,KINGSBRIDGE RD,IND,BD,2642849,2215885,8047932,9467442,5104356,4088996,1011718,1321894,,,,
N221,R155,KINGSBRIDGE RD,IND,BD,3550277,2818457,5227588,3611706,4204231,3037161,868874,1096056,,,,
N222,R156,BEDFORD PK BLVD,IND,BD,3800648,3278322,6243839,5282936,5216202,4508224,1264404,1494930,,,,BEDFORD PARK BL
N223,R156,BEDFORD PK BLVD,IND,BD,1606960,278738,2750492,432443,2908187,358948,627787,119531,,,,BEDFORD PARK BL
N224,R157,NORWOOD 205 ST,IND,D,3719969,3192728,6045779,4483660,5173034,3608787,1195444,1306528,,,,"205 ST,NORWOOD-205 ST"
N225,R157,NORWOOD 205 ST,IND,D,3063760,2561234,5028012,4013251,4298627,3428970,1058803,1236633,,,,"205 ST,NORWOOD-205 ST"
N300,R113,7 AV,IND,BDE,4735758,5697205,8419969,10140536,7625632,9081718,1283938,2164321,,,,7 AVE-53 ST
N301,R113,7 AV,IND,BDE,7076079,7729771,12131858,12735486,10155847,11277915,1721573,3269175,,,,7 AVE-53 ST
N303,R015,5 AV/53 ST,IND,EM,10021265,11473592,17876078,19345470,15231588,16230451,2381983,4213381,,,,"FIFTH AVE,5 AVE-53 ST"
N304,R015,5 AV/53 ST,IND,EM,7232642,5797064,11943087,12174900,9765847,11193652,1243641,2503761,,,,"FIFTH AVE,5 AVE-53 ST"
N305,R017,LEXINGTON AV/53,IND,EM6,10427691,10723157,15817855,16681346,10178023,12044757,1705648,3045846,,,,"LEXINGTON-3RD,LEXINGTON-53 ST"
N305A,R016,LEXINGTON AV/53,IND,EM6,6267302,7342765,9388046,11229135,7234471,8270957,1040618,1882026,,,,"LEXINGTON-3RD,LEXINGTON-53 ST"
N306,R017,LEXINGTON AV/53,IND,EM6,15421078,15066656,28477566,26295927,24247703,22309558,3873646,5436162,,,,"LEXINGTON-3RD,LEXINGTON-53 ST"
N307,R359,COURT SQ-23 ST,IND,EMG,4767982,2296772,9551140,3464491,7157018,2422316,1588070,1068386,,,,23 ST-ELY AV
N309A,R140,QUEENS PLAZA,IND,EMR,4877758,4912231,8102036,8378852,9207967,8920995,1792849,3131965,,,,
N310,R140,QUEENS PLAZA,IND,EMR,2323548,1944005,4263303,3283386,4160318,3187943,882375,1170180,,,,
N311,R339,36 ST,IND,MR,1159636,835501,1766164,1440736,1439082,1495620,309355,439494,,,,
N312,R339,36 ST,IND,MR,2211680,1927511,3627859,2617514,3509535,2021898,593419,630065,,,,
N314,R238,STEINWAY ST,IND,MR,4683629,2381584,7428083,4380126,6267820,4200680,1246139,1313376,,,,
N315,R238,STEINWAY ST,IND,MR,8334786,7330544,11745193,9877953,10192768,8225967,2017926,2760379,,,,
N316,R267,46 ST,IND,MR,3352723,1036790,5104928,1569861,4069227,1259569,751879,472932,,,,
N316A,R267,46 ST,IND,MR,3788437,3704338,5499821,4843030,4131530,3566505,951824,1305719,,,,
N317,R267,46 ST,IND,MR,912020,2433237,1373351,3734358,1076442,3072782,279994,898202,,,,
N318,R298,NORTHERN BLVD,IND,MR,4250512,1936676,6607848,2785715,5236158,2250356,1231825,865374,,,,
N319,R298,NORTHERN BLVD,IND,MR,1827342,2979701,2643760,4702049,2097682,3939820,560806,1266797,,,,
N322,R340,65 ST,IND,MR,3009673,2598210,4706532,3629574,3874538,2845222,933960,1006085,,,,
N323,R018,JKSN HT-ROOSVLT,IND,EFMR7,11268059,7750114,15066656,12432156,13181276,11183231,3304870,3914124,,,,ROOSEVELT AVE
N324,R018,JKSN HT-ROOSVLT,IND,EFMR7,29848590,24587074,49297664,37840562,42648021,31929956,11600574,11666597,,,,ROOSEVELT AVE
N325A,R218,ELMHURST AV,IND,MR,11732704,3820367,17447288,4745103,14304579,3770578,3448726,1467300,,,,ELMHURST AVE
N327,R254,GRAND-NEWTOWN,IND,MR,15474780,5637011,23930645,10662606,20031811,11695462,4886296,4267021,,,,GRAND AV-NEWTON
N329,R201,WOODHAVEN BLVD,IND,MR,15664032,14113564,22045854,17128214,16721853,12906230,4025839,4447350,,,,
N329A,R201,WOODHAVEN BLVD,IND,MR,4099844,1115400,6739917,1129402,6097533,1004870,1391192,1383371,,,,
N330,R202,63 DR-REGO PARK,IND,MR,639947,349363,16136264,8398829,12684999,5801240,2959761,1957846,11/3/12 0:00,,,
N330B,R202,63 DR-REGO PARK,IND,MR,9599186,5641237,,,,,,,,11/2/12 20:00,,
N330C,R202,63 DR-REGO PARK,IND,MR,3071930,684146,4914681,1065445,4084503,827015,1433680,262734,,,,
N331,R219,67 AV,IND,MR,5050991,4642832,7589601,4393372,5950655,3244359,1315294,964221,,,,67 AVE
N332,R219,67 AV,IND,MR,2515060,1010214,3866255,1542810,3180052,1295603,711734,374450,,,,67 AVE
N333,R141,FOREST HILLS 71,IND,EFMR,2878536,2008409,4880529,3227052,3387891,2474790,680190,862390,,,,"71 ST-CONTINENT,FOREST HILLS-71"
N333A,R141,FOREST HILLS 71,IND,EFMR,11712370,3763731,17402110,3437648,13073670,4173758,2867046,1322981,,,,"71 ST-CONTINENT,FOREST HILLS-71"
N333B,R141,FOREST HILLS 71,IND,EFMR,8420853,6562776,12915327,9385367,12470216,8609589,2992295,2873483,,,,"71 ST-CONTINENT,FOREST HILLS-71"
N334B,R341,75 AV,IND,EF,3135006,351294,4588735,528393,3547787,1017726,780061,422878,,,,75 AVE
N335,R158,KEW GARDENS,IND,EF,8903614,9505002,13474908,14410127,10324176,11017781,2169534,2909514,,,,UNION TPK-KEW G
N336,R158,KEW GARDENS,IND,EF,13836324,8160257,20668128,16722748,16568883,16073921,4077679,5119576,,,,UNION TPK-KEW G
N337,R255,BRIARWOOD,IND,EF,4577389,2224777,6005757,2949554,5194081,2734578,1323970,915127,,,,VAN WYCK BLVD
N338,R128,SUTPHIN BLVD,IND,F,1184983,575229,1932284,804869,1538681,620436,391911,207219,,,,
N338B,R128,SUTPHIN BLVD,IND,F,2901482,1875305,4108621,2768986,3286834,2685081,837411,1044148,,,,
N339,R114,PARSONS BLVD,IND,F,504917,130023,986475,286142,1014118,273425,273102,84749,,,,
N339A,R114,PARSONS BLVD,IND,F,4804552,5640022,7388465,7915934,6345640,6835494,1744755,2378838,,,,
N340,R115,169 ST,IND,F,2595915,2638529,4048140,4464657,3044012,3827028,725642,1191492,,,,
N340A,R115,169 ST,IND,F,4948020,4197851,7426344,4878465,5789769,4148897,1437895,1503002,,,,
N342,R019,JAMAICA 179 ST,IND,F,7583436,3325331,10774600,4853463,8196511,3993872,2135142,1463917,,,,"179 STREET,JAMAICA-179 ST"
N343,R019,JAMAICA 179 ST,IND,F,11290912,5892040,17342871,7726409,14437950,5915268,3487767,1767469,,,,"179 STREET,JAMAICA-179 ST"
N400A,R359,COURT SQ,IND,EMG,7519128,4470863,11283943,7588606,11672584,10640415,1524015,2835058,,,,
N401,R360,21 ST,IND,G,1078291,1207034,1994898,2204147,1960648,2120322,441624,797991,,,,VAN ALSTON-21ST
N405,R239,GREENPOINT AV,IND,G,6616544,4274644,10905581,7546817,10315188,7922974,2277007,2866627,,,,GREENPOINT AVE
N408A,R256,NASSAU AV,IND,G,6416735,4359744,11257452,6228105,10835681,7960066,2097808,3939744,,,,NASSAU ST
N409,R268,METROPOLITAN AV,IND,GL,7317183,4455102,12556432,7713277,13860265,9650895,2139592,2902449,,,,
N412,R299,BROADWAY,IND,G,2710235,2388849,4964882,4075950,5127997,4201022,1309837,1594516,,,,
N414,R316,FLUSHING AV,IND,G,780311,907423,1525451,1832320,1416790,1671547,396295,763812,,,,FLUSHING AVE
N414A,R316,FLUSHING AV,IND,G,904809,766560,1797886,1458510,1554135,1476429,491728,581135,,,,FLUSHING AVE
N415,R286,MYRTLE-WILLOUGH,IND,G,2000504,1840348,3586896,3481044,3299843,3080483,750905,1214742,,,,
N416,R286,MYRTLE-WILLOUGH,IND,G,1721132,301966,3547570,398040,2957612,326381,662535,113312,,,,
N417,R269,BEDFORD-NOSTRAN,IND,G,3355592,3020082,6073505,5033113,5890840,5128208,1198017,1976941,,,,"BEDFORD/NOSTREN,BEDFORD/NOSTRAN"
N418,R269,BEDFORD-NOSTRAN,IND,G,2243709,1072865,4238795,1277449,3675225,543640,677433,222970,,,,"BEDFORD/NOSTREN,BEDFORD/NOSTRAN"
N419,R287,CLASSON AV,IND,G,3575974,3393031,6176506,5839151,5735425,5626208,1228180,2108991,,,,CLASSON AVE
N420B,R317,CLINTON-WASH AV,IND,G,4389102,827081,6766528,1057597,5359959,1528901,1095977,1072606,,,,
N422,R318,FULTON ST,IND,G,3302131,3292624,6242265,5704468,6080458,5095923,1472014,2115809,,,,
N500,R020,47-50 STS ROCK,IND,BDFM,24008111,21657113,37399869,33992531,29118883,26922184,4167337,6048247,,,,47-50 ST-ROCK
N501,R020,47-50 STS ROCK,IND,BDFM,15945892,16785523,24894627,26146140,21068490,22058307,4096982,6330689,,,,47-50 ST-ROCK
N501A,R020,47-50 STS ROCK,IND,BDFM,6560897,8922063,10511546,14301311,9727566,12784750,1831144,3442426,,,,47-50 ST-ROCK
N502,R021,42 ST-BRYANT PK,IND,BDFM7,10722556,4595044,18922849,7736316,14186368,6053370,1738441,1348864,,,,42 STREET
N503,R021,42 ST-BRYANT PK,IND,BDFM7,8520318,12452442,10960187,18211855,10595513,16333806,2281811,5228886,,,,42 STREET
N504,R021,42 ST-BRYANT PK,IND,BDFM7,11748081,13449931,20134656,22182120,17816142,19141441,2915427,4926299,,,,42 STREET
N505,R022,34 ST-HERALD SQ,IND,BDFMNQRW,15383308,14693927,26490134,23711635,22387424,19407830,3925122,5577613,,,,34 STREET
N506,R022,34 ST-HERALD SQ,IND,BDFMNQRW,30143683,27905316,43869576,38749285,38243443,32934705,7960073,11117032,,,,34 STREET
N507,R023,34 ST-HERALD SQ,IND,BDFMNQRW,19549116,21606040,27038219,33341157,29060298,33966399,2621363,5980263,,,,34 STREET
N508,R453,23 ST,IND,FM,9408166,11122404,15938379,16897325,11505114,12375878,2069150,4169193,,,,"23RD STREET,23 ST-6 AVE"
N509,R203,23 ST,IND,FM,11937982,8890305,19245987,13641874,14832949,10035425,2948679,3423807,,,,23 ST-6 AVE
N510,R163,14 ST,IND,FLM123,3111074,3172842,4972021,5087296,4666853,4773280,707011,1271945,,,,14 ST-6 AVE
N511,R163,14 ST,IND,FLM123,3455144,3028085,5704606,4858208,5113387,4530659,698633,1201918,,,,14 ST-6 AVE
N512,R163,14 ST,IND,FLM123,5323776,7123489,7848028,11090106,5900795,8766953,992011,2487584,,,,14 ST-6 AVE
N513,R163,14 ST,IND,FLM123,3562776,4118406,5215379,5934744,3331637,4032237,667422,1429303,,,,14 ST-6 AVE
N519,R461,B'WAY-LAFAYETTE,IND,BDFQ6,12840623,15195364,19322702,22450111,12979650,17372112,2442589,5758176,,,,BROADWAY/LAFAY
N519A,R461,B'WAY-LAFAYETTE,IND,BDFQ6,8970434,9160069,12119119,16763094,9966459,13684030,1689671,4276393,,,,BROADWAY/LAFAY
N520,R240,GRAND ST,IND,BD,20846983,17914891,32223679,24539748,26101329,19662736,6179216,7760866,,,,
N521,R300,2 AV,IND,F,5015450,5425839,7993188,8330770,5688159,6585037,1037575,2281655,,,,2 AVE
N523,R300,2 AV,IND,F,10257488,9981851,15459740,14504647,12410789,11569928,2408558,4110910,,,,2 AVE
N525,R142,DELANCEY/ESSEX,IND,FJMZ,8191013,6307204,13471329,10060651,11294226,8428627,2158583,3167295,,,,DELANCEY ST
N526,R142,DELANCEY/ESSEX,IND,FJMZ,4014272,4247067,7047239,7012822,7033030,6488410,1981680,2929324,,,,DELANCEY ST
N528,R257,EAST BROADWAY,IND,F,5805254,2745968,9663373,5058289,8090945,3873042,1642521,1568348,,,,
N529,R257,EAST BROADWAY,IND,F,5145883,3958780,8359877,5226552,6884004,3861755,1607325,1746896,,,,
N530,R301,YORK ST,IND,F,6107726,5787539,11658801,8970323,11722595,5748012,2367378,2904711,,,,
N531,R129,BERGEN ST,IND,FG,1225488,3867572,2034801,5961125,1862642,4948826,408630,1516985,,,,
N532,R129,BERGEN ST,IND,FG,3787073,1125171,5948055,1867186,4954952,1693262,871504,606220,,,,
N533,R129,BERGEN ST,IND,FG,4343189,1026132,6794827,1439388,5179020,1026149,1039061,1359005,,,,
N534,R220,CARROLL ST,IND,FG,3824469,740215,6024073,1268232,4776167,1041785,846066,448744,,,,
N535,R220,CARROLL ST,IND,FG,5872668,4626041,8677797,5561107,7244683,4432524,1518129,1614827,,,,
N536,R270,SMITH-9 ST,IND,FG,1678874,1949042,5673226,6406076,5094162,6228053,1100781,2171099,,,,SMITH/9 ST
N537,R258,4 AV-9 ST,IND,DFGMNR,5133744,5600589,5406897,6886848,3957772,5515214,895912,1886310,,,,4 AVE
N539,R288,7 AV,IND,FG,,,,,8071368,4147487,2616971,2328875,2/24/18 0:00,,,
N539A,R288,7 AV,IND,FG,10073214,2584913,15360125,4006140,4169835,2218480,,,,2/9/18 20:00,,7 AV-PARK SLOPE
N541,R241,15 ST-PROSPECT,IND,FG,1796599,1125757,3139692,1854488,3346232,1451840,526587,544448,,,,
N542,R241,15 ST-PROSPECT,IND,FG,2874979,1472160,4897276,1905636,4082316,2531979,795380,773685,,,,
N543,R289,FT HAMILTON PKY,IND,FG,1823864,1256888,3027153,1939790,2417989,1597438,529197,495431,,,,
N544,R289,FT HAMILTON PKY,IND,FG,2109071,275024,4087161,343411,3646793,581473,812505,166014,,,,
N545,R204,CHURCH AV,IND,FG,2817023,962047,4147850,1272449,3310783,975223,813992,307829,,,,CHURCH AVE
N546,R204,CHURCH AV,IND,FG,5882827,5641459,9275935,8111103,7761555,6565941,1954338,2303120,,,,CHURCH AVE
N547,R420,DITMAS AV,IND,F,1065642,387531,1315634,591067,1085314,444058,275729,106664,,,,DITMAS AVE
N548,R420,DITMAS AV,IND,F,2741799,2686632,3724240,2988764,2982150,1894752,778787,698786,,,,DITMAS AVE
N549,R242,18 AV,IND,F,2754652,2788492,4229862,3746543,3220355,2254766,769433,874225,,,,18 AVE
N550,R242,18 AV,IND,F,819529,432986,1177629,635922,928742,332457,200444,135248,,,,18 AVE
N551,R421,AVENUE I,IND,F,1908650,1761332,2708926,2325482,1647927,926749,525321,310746,,,,"AVI, AVE I"
N553,R422,BAY PKWY,IND,F,1243886,748068,1883503,765669,965582,372393,345307,165656,,,,"22 AV-BAY PKY,22 AVE-BAY PKY"
N554,R423,AVENUE N,IND,F,846202,437559,1295972,592566,709194,151795,205413,73054,,,,"AV N,AVE N"
N555,R423,AVENUE N,IND,F,1987072,1674411,2845219,2156313,1885852,879903,534485,303479,,,,"AV N,AVE N"
N556,R424,AVENUE P,IND,F,2296511,1625301,3462791,1854751,2171929,932371,629728,385470,,,,AVE P
N557,R130,KINGS HWY,IND,F,2363552,2396704,3770763,3812420,3472583,3330474,690341,938128,,,,KINGS HIGHWAY
N558,R130,KINGS HWY,IND,F,720196,754418,1221049,927429,1150965,615969,202633,154924,,,,KINGS HIGHWAY
N559,R425,AVENUE U,IND,F,1973622,902995,2972521,1049243,1535116,730653,475867,278107,,,,AVE U
N561,R271,AVENUE X,IND,F,2480440,1755664,3325899,1823437,2806091,1671527,679301,580355,,,,AVE X
N562,R426,NEPTUNE AV,IND,F,1445991,491847,2136954,725894,1578584,604856,403120,232372,,,,NEPTUNE AVE
N600,R302,57 ST,IND,F,12343772,11432823,18754995,16827422,14670333,12910807,2898657,4616354,,,,
N601,R319,LEXINGTON AV/63,IND,F,12968099,14818998,18847868,21298430,12593871,15120203,2500615,4224301,,,,"LEXINGTON AV,LEXINGTON AVE"
N601A,R319,LEXINGTON AV/63,IND,F,,,61,109,9532658,9456700,2138253,3292949,10/4/16 12:00,,,
N602,R259,ROOSEVELT ISLND,IND,F,6063802,5158916,7943826,7089031,7977334,7296138,2111857,2783944,,,,ROOSEVELT IS
N603,R303,21 ST-QNSBRIDGE,IND,F,7358236,6821186,11326232,9493340,11732159,8092751,2842201,3386587,,,,21 ST
N604,R342,JAMAICA VAN WK,IND,E,4133936,4303817,6307858,6452748,5371891,6023628,1331946,2329627,,,,JAMAICA-VAN WYC
N605,R024,SUTPHIN-ARCHER,IND,EJZ,18614685,17048730,30973522,25405896,25540558,21888761,6729422,8015219,,,,SUTPHIN BLVD
N606,R025,JAMAICA CENTER,IND,EJZ,26795086,20613905,40669032,30641375,29722777,23011184,7073269,6854428,,,,
N607,R025,JAMAICA CENTER,IND,EJZ,6767699,8419301,11200864,12418721,8321471,10807923,1517630,3680704,,,,
N700,R570,72 ST-2 AVE,IND,Q,,,,,19015302,16965671,4130122,5601497,12/31/16 0:00,,,
N700A,R570,72 ST-2 AVE,IND,Q,,,,,11750182,10243052,2628784,3511006,12/31/16 0:00,,,
N701,R571,86 ST-2 AVE,IND,Q,,,,,15207145,8377906,2981002,3038374,12/31/16 0:00,,,
N701A,R571,86 ST-2 AVE,IND,Q,,,,,11746522,10482219,2145585,3181143,12/31/16 0:00,,,
N702,R572,96 ST-2 AVE,IND,Q,,,,,11490362,7913117,3167076,2856626,12/31/16 0:00,,,
N702A,R572,96 ST-2 AVE,IND,Q,,,,,8532593,7050061,1623878,2112260,12/31/16 0:00,,,
OB01,R459,ORCHARD BEACH,IND,6,186994,10185,166496,9489,41224,7185,1022134,50801,5/22/10 12:00,9/11/22 16:00,,
PTH01,R549,NEWARK HW BMEBE,PTH,1,4556647,6138912,6020716,6527671,5429243,8388553,1261213,2970820,,,,
PTH02,R544,HARRISON,PTH,1,5541525,5883821,9036228,9353354,9102310,9338043,2401741,2728315,,,,
PTH03,R552,JOURNAL SQUARE,PTH,1,22306324,22525482,26167113,17802888,28095228,28117203,8419495,8538103,,,,
PTH04,R551,GROVE STREET,PTH,1,12783333,12834358,21416746,21700468,21549786,22380691,6140712,6692766,,,,
PTH05,R543,EXCHANGE PLACE,PTH,1,12614425,11626005,17486041,16914049,16664137,16873109,3526761,4339350,,,,
PTH06,R546,PAVONIA/NEWPORT,PTH,1,15119469,15431600,23047299,23755265,18797638,19407656,3912889,4785290,,,,
PTH07,R550,CITY / BUS,PTH,1,14634439,14499172,18959916,19972431,17611780,18303264,4074276,4598943,,,,
PTH08,R540,PATH WTC,PTH,1,36033866,35073299,44063134,41313172,0,0,,,,6/27/16 4:21,,
PTH09,R548,CHRISTOPHER ST,PTH,1,3549464,3755416,5842161,6336648,5326037,5753087,2685292,2655976,,,,
PTH10,R547,9TH STREET,PTH,1,4198361,4091539,6614012,6724728,5494288,5894602,1852618,2026283,,,,
PTH11,R545,14TH STREET,PTH,1,7754510,7929514,11689723,11982841,9485275,10192040,3071816,3180488,,,,
PTH12,R542,TWENTY THIRD ST,PTH,1,6190140,7345028,9972433,12130958,9107354,10676624,2321870,2150962,,,,
PTH13,R541,THIRTY ST,PTH,1,8374301,10499323,11728758,13795871,10547943,10092308,3009233,2806265,,,,
PTH16,R550,LACKAWANNA,PTH,1,6853388,7403582,8640383,10081646,9787544,9819125,2065896,2058129,,,,
PTH17,R541,THIRTY THIRD ST,PTH,1,21302287,14854646,29042847,20896544,24583190,19409088,5988352,4810372,,,,
PTH18,R549,NEWARK BM BW,PTH,1,14825810,594874,17268026,960804,16896986,1170594,4339973,532891,,,,
PTH19,R549,NEWARK C,PTH,1,4132727,445530,5583109,627816,6699053,817298,1412950,676717,,,,
PTH20,R549,NEWARK HM HE,PTH,1,404240,14698678,1205675,19791655,1129740,19899422,612307,5854159,,,,
PTH21,R540,PATH WTC 2,PTH,1,479282,783498,594416,3420374,3083397,10581419,1010544,3287295,,,,
PTH22,R540,PATH NEW WTC,PTH,1,,,23315,10951,52079553,47325657,13328898,13533154,9/16/16 16:29,,,
R101,R001,SOUTH FERRY,IRT,1RW,2229549,2115577,15494484,17157289,15999390,13043753,3149623,3772780,,,,
R101S,R001,SOUTH FERRY,IRT,RW1,9784817,9490237,,,,,,,5/26/12 1:00,10/28/12 17:00,,
R102,R304,RECTOR ST,IRT,1,2830742,1536474,4904359,4647580,3783798,3566515,538981,795152,,,,
R103,R304,RECTOR ST,IRT,1,4828960,1244299,8191487,4430331,5474840,2820209,884165,669071,,,,
R106,R305,WTC-CORTLANDT,IRT,1,,,,,2480,8030,532,576,9/5/18 18:00,9/25/22 5:00,,CORTLANDT ST
R107,R305,WTC-CORTLANDT,IRT,1,,,,,1609217,466426,604879,274382,9/5/18 21:00,,,CORTLANDT ST
R107D,R305,WTC-CORTLANDT,IRT,1,,,,,3339071,2508048,1157281,1492899,9/5/18 19:00,,,CORTLANDT ST
R108,R305,WTC-CORTLANDT,IRT,1,,,,,796867,1039251,300245,602282,9/5/18 21:00,,,CORTLANDT ST
R108A,R305,WTC-CORTLANDT,IRT,1,,,,,124309,1210519,36638,840788,9/5/18 21:00,,,CORTLANDT ST
R109,R305,WTC-CORTLANDT,IRT,1,,,,,827289,271482,313262,164429,9/4/18 17:00,,,CORTLANDT ST
R110,R027,WALL ST,IRT,23,6948607,4742169,12686319,8576519,9227525,6283102,1285091,1447000,,,,
R111,R027,WALL ST,IRT,23,6434703,7034511,10282018,11807309,7401339,8715545,1249128,2398233,,,,
R112,R027,WALL ST,IRT,23,2744655,3320057,3913580,4802068,4032793,4519290,201452,461173,,,,
R112A,R027,WALL ST,IRT,23,3028127,3267076,4175110,4698417,2127593,2484215,349215,683908,,,,
R113,R028,FULTON ST,IRT,2345ACJZ,5927992,5943362,8375648,8068559,6455190,6011753,879045,1245163,,,,FULTON STREET
R113A,R028,FULTON ST,IRT,2345ACJZ,9421755,7761619,,,,,,,,9/14/12 23:00,,FULTON STREET
R114,R028,FULTON ST,IRT,2345ACJZ,566070,642282,2227810,4237508,2758112,4639249,564988,1482057,,,,FULTON STREET
R115,R029,PARK PLACE,IRT,23ACE,3033653,2366197,4591362,3805087,3077331,2626708,471369,668583,,,,
R116,R030,CHAMBERS ST,IRT,123,17790194,16594970,27974942,24544486,20522250,18932281,3393548,4963070,,,,
R117,R343,FRANKLIN ST,IRT,1,3972747,793212,5920918,1093979,4635399,1001380,839502,251204,,,,
R118,R343,FRANKLIN ST,IRT,1,810622,1842825,1155129,2972455,985560,2442682,170528,776515,,,,
R119,R320,CANAL ST,IRT,1,3840549,1342821,5905359,1986242,5051537,1703817,776675,460266,,,,
R120,R320,CANAL ST,IRT,1,955591,4007111,1445724,5532600,1205420,4212302,194721,1247698,,,,
R121,R290,HOUSTON ST,IRT,1,3763100,531453,6526363,668236,5147564,759608,677586,195569,,,,
R122,R290,HOUSTON ST,IRT,1,923602,1590273,1504066,1880244,1213460,1164759,170836,392528,,,,
R123,R290,HOUSTON ST,IRT,1,5125982,1517567,7524079,2548268,6370332,2051685,1102244,589066,,,,
R124,R290,HOUSTON ST,IRT,1,1565330,5236888,2355272,7399131,2042661,5924648,345288,1732182,,,,
R125,R189,CHRISTOPHER ST,IRT,1,7283541,2313076,10556718,3337236,8588010,2567474,1768926,904739,,,,
R126,R189,CHRISTOPHER ST,IRT,1,2111965,6863908,3151295,9166827,2485665,6989964,481375,2632770,,,,
R127,R105,14 ST,IRT,123FLM,15389101,8384748,23688888,12921588,17636119,9968453,3377440,3117709,,,,
R128,R105,14 ST,IRT,123FLM,5638106,3788486,9243668,5752673,7688210,4721915,1568858,1719880,,,,
R129,R321,18 ST,IRT,1,5004732,1533412,7846175,2329675,6476420,1911606,1112375,552260,,,,
R130,R321,18 ST,IRT,1,1783329,2588646,2780907,4354033,2308686,3664626,363929,1217946,,,,
R131,R190,23 ST,IRT,1,8890634,3527888,13784139,5272063,11276381,4104891,2133300,1261032,,,,
R132,R190,23 ST,IRT,1,3642767,7530308,5614540,10820064,4442983,8854586,754242,2808594,,,,
R133,R272,28 ST,IRT,1,7828087,2776092,12829900,4609007,10196223,3807565,1833572,1202880,,,,
R134,R272,28 ST,IRT,1,3448113,5327199,5673800,7779014,4563032,6324881,761822,2194329,,,,
R135,R031,34 ST-PENN STA,IRT,123,9356540,16102617,15298535,23890023,11834466,20699224,1848598,5842092,,,,
R137,R031,34 ST-PENN STA,IRT,123,2328289,2633850,3927044,4449071,2950218,3543769,341,884,,9/23/22 8:00,,
R138,R293,34 ST-PENN STA,IRT,123ACE,38021168,24453987,58885427,38273082,45482081,32379760,8180408,10245324,,,,
R139,R031,34 ST-PENN STA,IRT,123,4254588,3267206,6986353,4525572,6881933,4310576,889661,1694433,,,,
R141,R031,34 ST-PENN STA,IRT,123,12562653,6077488,17746296,9829922,12877649,6833387,2478591,1868057,,,,
R142,R293,34 ST-PENN STA,IRT,123ACE,7133479,9258657,11193069,13328984,7904934,10163688,1411044,2851404,,,,
R143,R032,TIMES SQ-42 ST,IRT,1237ACENQRSW,9517066,10916221,17041462,18215630,13905727,15728488,2504527,4381629,,,,42 ST-TIMES SQ
R145,R032,TIMES SQ-42 ST,IRT,1237ACENQRSW,8528467,13439792,14064295,21359734,11438655,17562124,2140995,5661880,,,,42 ST-TIMES SQ
R146,R032,TIMES SQ-42 ST,IRT,1237ACENQRS,0,0,,,,,,,,,,42 ST-TIMES SQ
R147,R033,TIMES SQ-42 ST,IRT,1237ACENQRS,19658952,9145708,26858172,11549802,22395559,10164426,4509184,3289016,,,,42 ST-TIMES SQ
R148,R033,TIMES SQ-42 ST,IRT,1237ACENQRSW,10509852,6723859,20391485,10934056,16369906,8535769,1248562,1613292,,,,42 ST-TIMES SQ
R151,R033,TIMES SQ-42 ST,IRT,1237ACENQRSW,28714006,24069646,37792417,35206342,28038100,25983764,4703959,6597673,,,,42 ST-TIMES SQ
R153,R033,TIMES SQ-42 ST,IRT,1237ACENQRSW,,,,,,,414098,816407,3/26/22 0:00,,,42 ST-TIMES SQ
R154,R116,50 ST,IRT,1,10051548,10126213,15907287,14900963,12939675,11541897,1940961,3732537,,,,
R155,R116,50 ST,IRT,1,10903511,10847069,17202078,16750669,13504122,13687245,2434568,3528678,,,,
R158,R084,59 ST COLUMBUS,IRT,1ABCD,11283295,6625070,19927954,13223621,15280370,11862950,2967889,3775342,,,,59 ST-COLUMBUS
R159,R164,66 ST-LINCOLN,IRT,1,5308791,9884556,8377846,14111227,6095659,11003065,1262138,3503056,,,,66 ST/LINCOLN
R160,R164,66 ST-LINCOLN,IRT,1,10004933,4898940,14567865,6868512,11206648,5251192,2119114,1684495,,,,66 ST/LINCOLN
R160A,R164,66 ST-LINCOLN,IRT,1,3937417,3610699,7850654,7023887,6291044,5555504,721596,1299195,,,,66 ST/LINCOLN
R161A,R452,72 ST,IRT,123,15398484,17762331,25165431,28766499,20494341,23979384,4122161,7477835,,,,
R161B,R452,72 ST,IRT,123,19049953,15326187,28460524,22861933,22281989,18063595,4513098,5738317,,,,72ND STREET
R162,R166,79 ST,IRT,1,10190711,4093458,15531712,5711400,11727860,4480930,2330941,1668256,,,,
R163,R166,79 ST,IRT,1,4126633,4127976,6535922,5738311,4976493,4137686,1147583,1962513,,,,
R164,R167,86 ST,IRT,1,7922448,3800462,12013740,6020698,9028254,5001704,1868245,1692705,,,,86 STREET
R165,R167,86 ST,IRT,1,5035415,10667992,8082109,16267773,6438733,12746244,1472044,4126733,,,,86 STREET
R166,R167,86 ST,IRT,1,3627555,1731930,5682413,2694414,4669276,2062674,864619,770477,,,,86 STREET
R168,R168,96 ST,IRT,123,20168612,19413033,,,,,,,,11/2/12 21:00,,
R168A,R168,96 ST,IRT,123,12229614,11282638,18327362,16268598,14701314,13591488,2922398,4261691,,,,
R169,R168,96 ST,IRT,123,1222376,1157281,33368695,32933698,25217771,27019233,5434127,8635232,11/3/12 1:00,,,
R170,R191,103 ST,IRT,1,11578461,5368144,17235403,8031838,13530715,6938648,3000820,2567870,,,,
R171,R192,CATHEDRAL PKWY,IRT,1,2405525,3855304,3498368,5999220,2687007,4973420,671473,2015676,,,,110 ST-CATHEDRL
R172,R192,CATHEDRAL PKWY,IRT,1,9485956,2168746,13884401,2918776,10486350,2267127,2097480,897700,,,,110 ST-CATHEDRL
R173,R159,116 ST-COLUMBIA,IRT,1,13160914,6370366,19630265,9644934,14816166,7799414,2437028,2626198,,,,
R174,R034,125 ST,IRT,1,6724162,6814042,10414653,10277723,8323031,8678491,1881818,3114363,,,,
R175,R169,137 ST CITY COL,IRT,1,2480563,9212633,3718879,12996223,2833011,10337930,681834,3468160,,,,137 ST-CITY COL
R176,R169,137 ST CITY COL,IRT,1,9981067,2547365,15094455,3582133,11698606,2887367,2536522,1031483,,,,137 ST-CITY COL
R177,R273,145 ST,IRT,1,2093118,5694537,3222754,7795197,2555407,6445316,666430,2554735,,,,
R178,R273,145 ST,IRT,1,6608771,2031207,10204808,2747648,8052050,2159018,1933917,867537,,,,
R179,R193,157 ST,IRT,1,1971303,5523654,3215167,7682719,2895514,6507384,715326,2262967,,,,
R180,R193,157 ST,IRT,1,7022037,1743186,10933891,2447068,9416666,2129389,2184531,758782,,,,
R182,R035,168 ST,IRT,1AC,10251869,9896472,16009622,16577664,11111011,19285351,3032153,4664922,,,,168 ST-BROADWAY
R183,R260,181 ST,IRT,1,9095090,9824468,15040261,15614331,12730173,13505491,1356633,2339707,,,,
R185,R274,191 ST,IRT,1,6477959,7080499,10785102,11558796,8065067,9055716,2263717,3832542,,,,
R186,R036,DYCKMAN ST,IRT,1,3990518,3197629,9167595,5521559,7822283,4591706,2029857,1753203,,,,
R188,R037,207 ST,IRT,1,5705450,3400148,8463468,3983421,7094867,3533329,1861292,1206210,,,,207 STREET
R190,R038,215 ST,IRT,1,1650501,834301,2629725,1178626,2021327,942194,519191,271228,,,,215 STREET
R192,R039,MARBLE HILL-225,IRT,1,4492283,1184957,7283872,1788931,5816505,1383689,1412254,450491,,,,225 STREET
R194,R040,231 ST,IRT,1,7486052,1661837,12132068,3113682,10477973,1633121,2511455,495324,,,,231 STREET
R196,R306,238 ST,IRT,1,2808962,120572,4953781,157777,4166958,320797,1188703,184369,,,,
R197,R117,V.CORTLANDT PK,IRT,1,5476632,2631492,9123165,4130857,8008110,3768376,2064996,1281800,,,,242 ST
R200A,R041,BOWLING GREEN,IRT,45,12400318,5501400,20663646,8223950,15728408,5729252,2486054,1791548,,,,
R201,R041,BOWLING GREEN,IRT,45,6144189,6190598,11971096,10906766,8712585,8037245,1560717,1636882,,,,
R202,R042,BOWLING GREEN,IRT,45,4263681,10939704,7119775,17671014,4856277,12942403,1022018,3728591,,,,
R203,R043,WALL ST,IRT,45,14302363,2834953,21606732,4884102,14371959,3742321,2154881,890145,,,,
R203A,R043,WALL ST,IRT,45,796549,518683,1182796,888369,754440,598850,41295,53605,,,,
R204,R043,WALL ST,IRT,45,2372238,8582325,4233725,12524181,3173834,9770797,479627,1784926,,,,
R204A,R043,WALL ST,IRT,45,358506,1952265,643097,2697895,491409,1859155,329180,263202,,,,
R205,R014,FULTON ST,IRT,ACJZ2345,2934248,988050,,,,,,,,1/7/12 9:16,,FULTON STREET
R205A,R014,FULTON ST,IRT,2345ACJZ,9079687,2342956,12293863,3900537,8592584,2710607,1072564,574733,,,,FULTON STREET
R206,R014,FULTON ST,IRT,2345ACJZ,158351,364844,4388059,12711736,5153313,19155365,913739,5772493,7/30/12 16:16,,,
R208,R014,FULTON ST,IRT,2345ACJZ,4198323,10234322,4917417,9873885,1930351,4383888,375978,1032035,,,,FULTON STREET
R210,R044,BROOKLYN BRIDGE,IRT,456JZ,15926274,13029156,23153234,18320868,15336980,11961855,2661535,3341434,,,,
R210A,R044,BROOKLYN BRIDGE,IRT,456JZ,4199819,4161853,6203620,5950759,4668389,4526483,859799,1071317,,,,
R215,R322,SPRING ST,IRT,6,9024920,2282785,13602320,3216447,10531917,2285504,1891473,776179,,,,
R216,R322,SPRING ST,IRT,6,1603426,9302699,2399926,14041349,1694655,10967300,315587,3727003,,,,
R217,R194,BLEEKER ST,IRT,6,8580480,4425235,,,,,,,,4/13/12 20:00,,
R217A,R194,BLEECKER ST,IRT,6DF,2963603,1191205,19319319,7250669,16873003,6473074,2943414,2010484,4/14/12 0:00,,,
R219,R160,ASTOR PL,IRT,6,11645718,3917870,16830785,6631666,13167331,5604046,2232088,1734796,,,,ASTOR PLACE
R220,R160,ASTOR PL,IRT,6,3440374,11312684,5504087,16544691,4363396,13114201,671467,3970754,,,,ASTOR PLACE
R221,R170,14 ST-UNION SQ,IRT,456LNQRW,30710804,33140357,46454930,43554806,35079147,32064876,6276443,11158490,,,,
R226,R131,23 ST,IRT,6,6670113,9010154,9401892,12952639,8545522,10290451,1211181,2837818,,,,
R226A,R131,23 ST,IRT,6,1494777,3693996,2781756,4130158,1951414,2810517,351968,957936,,,,
R227,R131,23 ST,IRT,6,11209954,5821671,14657239,7804923,12380095,7035948,2118647,1804476,,,,
R227A,R131,23 ST,IRT,6,4987602,2829935,8737839,5294068,5754062,3830143,1013305,1198665,,,,
R228,R143,28 ST,IRT,6,6369644,8898925,10085302,13553202,6915320,8382399,1604370,3340702,,,,
R229,R143,28 ST,IRT,6,11375129,7437716,17851188,11776735,10994656,7594506,2404122,2645246,,,,
R230,R143,28 ST,IRT,6,432593,1060724,731598,2710139,486765,1897499,15214,205752,,,,
R231,R176,33 ST,IRT,6,9934601,5757924,14560123,7937697,10168784,6089136,1914771,1835645,,,,
R231A,R176,33 ST,IRT,6,5520980,4161820,9053275,6744262,7929550,5946057,1343225,1695899,,,,
R232,R176,33 ST,IRT,6,6759545,8407097,10641476,12043802,7865791,8444814,1221456,2625965,,,,
R232A,R176,33 ST,IRT,6,2913526,3175539,4850792,4496593,4498780,3236952,674336,859474,,,,
R235,R045,GRD CNTRL-42 ST,IRT,4567S,,,,,1712,5318,370583,640004,9/30/20 13:00,,,
R236,R045,GRD CNTRL-42 ST,IRT,4567S,18823547,17594841,29095378,26926851,21875588,20318998,2106421,2892051,,,,42 ST-GRD CNTRL
R237,R046,GRD CNTRL-42 ST,IRT,4567S,5055638,5091002,7931338,8355009,7491569,6812283,735310,1175195,,,,42 ST-GRD CNTRL
R237B,R047,GRD CNTRL-42 ST,IRT,4567S,2654335,4223155,4405361,6838854,9294516,7134448,1841173,2110878,,,,42 ST-GRD CNTRL
R238,R046,GRD CNTRL-42 ST,IRT,4567S,52357661,44594696,83939541,70297801,42959417,56474497,8576305,16764483,,,,42 ST-GRD CNTRL
R238A,R046,GRD CNTRL-42 ST,IRT,4567S,,,4006566,758843,24788620,5168374,3178637,1566937,2/27/16 3:00,,,42 ST-GRD CNTRL
R240,R047,GRD CNTRL-42 ST,IRT,4567S,28942652,30651397,45761153,45112754,30738486,34188852,4272183,9337028,,,,42 ST-GRD CNTRL
R241A,R048,GRD CNTRL-42 ST,IRT,4567S,8415720,7070053,13808253,10736077,12144380,7178596,1704019,1675430,,,,42 ST-GRD CNTRL
R242,R049,51 ST,IRT,6,8989140,7484692,13872496,11194268,10125894,7730785,1453495,2244665,,,,51 STREET
R242A,R049,51 ST,IRT,6,1803460,2789161,1439668,2373721,1919523,2860916,261063,537916,,,,51 STREET
R243,R049,51 ST,IRT,6,8241761,10729186,12538868,15813156,9217730,12746082,1437954,3247182,,,,51 STREET
R244,R050,59 ST,IRT,456NQRW,11482135,11947036,17752378,18152047,11965842,13487543,2780957,4553483,,,,59 STREET
R244A,R050,59 ST,IRT,456NQRW,12150973,8512965,18096022,13119564,12669699,9673020,1298952,2754316,,,,59 STREET
R245,R051,59 ST,IRT,456NQRW,8271611,7434565,11717823,12281460,7850679,9421131,1868447,2985078,,,,59 STREET
R245A,R051,59 ST,IRT,456NQRW,10817861,11303073,16617677,17472056,11724064,13122387,2581757,3713744,,,,59 STREET
R246,R177,68ST-HUNTER CO,IRT,6,28162154,20141984,41661521,27300880,23039229,19088948,4842941,6686495,,,,68ST-HUNTER COL
R247,R178,77 ST,IRT,6,4540556,23588358,7355708,33441859,5988423,20300241,1562088,6842538,,,,
R248,R178,77 ST,IRT,6,25398484,5256122,37370778,8245540,21200444,6993108,4731064,2587158,,,,
R249,R179,86 ST,IRT,456,10205964,43421874,16600299,65896396,13733107,38038509,3664659,11752546,,,,
R250,R179,86 ST,IRT,456,42568539,7873246,66091454,9196047,33305641,8190860,6555902,3773904,,,,
R251,R144,96 ST,IRT,6,20812910,6379116,32243121,7708848,18338692,6121577,4173413,2846352,,,,
R252,R180,103 ST,IRT,6,13197694,12516449,18659876,16646247,14503568,13376171,3423382,4941052,,,,
R253,R181,110 ST,IRT,6,3213365,6030043,5148969,8764659,3855822,7163276,892023,2622223,,,,
R254,R181,110 ST,IRT,6,6974495,2837680,11141400,4073978,8178559,3420900,1909286,1445220,,,,
R256,R182,116 ST,IRT,6,8605612,4822906,13203297,6429099,10185957,5437536,2408434,2233495,,,,
R257,R182,116 ST,IRT,6,5585789,3987583,8318905,5302149,6377119,4872881,1408064,1824659,,,,
R258,R132,125 ST,IRT,456,24451802,21590688,38535682,33216733,30466645,27651785,6412155,9742089,,,,
R259,R307,138/GRAND CONC,IRT,45,2550759,2400442,4196517,3773598,3466047,3110711,1051959,1445244,,,,"138 ST,138 ST-GR CONC"
R260,R205,149/GRAND CONC,IRT,245,3265499,1058833,5382438,1243387,4358750,945045,893470,255366,,,,"149 ST-GR CONC*,149 ST-GR CONC"
R261,R205,149/GRAND CONC,IRT,245,7954127,7633490,12460893,10106126,9791761,8661882,2160027,3238099,,,,149 ST-GR CONC
R262,R195,161/YANKEE STAD,IRT,4BD,8665138,4948826,12386562,5573715,9389465,4073096,2501868,1563773,,,,161 ST-YANKEE
R262A,R195,161/YANKEE STAD,IRT,4BD,864381,1437175,1103075,1178739,811790,866595,146068,275706,,,,161 ST-YANKEE
R262B,R195,161/YANKEE STAD,IRT,4BD,625603,467824,630147,467453,525674,265513,72016,54524,,,,161 ST-YANKEE
R283,R221,167 ST,IRT,4,8168602,7840088,12600271,12284486,10031386,10547991,2767321,3996055,,,,
R284,R243,170 ST,IRT,4,8070206,5853552,12051320,8238279,9205023,7436224,2266229,3032702,,,,
R285,R308,MT EDEN AV,IRT,4,4988987,3793955,7413784,5434549,5782816,4169866,1496427,1524773,,,,MT EDEN AVE
R286,R309,176 ST,IRT,4,4546074,2741012,7804838,4205740,6420062,3785576,1582773,1640657,,,,
R287,R244,BURNSIDE AV,IRT,4,9624008,5581818,14487969,8442782,11557482,6926050,2756476,2418270,,,,BURNSIDE AVE
R288,R275,183 ST,IRT,4,5380243,2941046,8201881,4398332,6634943,3708844,1778190,1430118,,,,
R289,R119,FORDHAM RD,IRT,4,10699498,3486342,15681587,3416824,11828177,2556577,3066095,1044743,,,,FORDHAM ROAD
R290,R161,KINGSBRIDGE RD,IRT,4,8543647,6334808,12733040,7286409,9986170,5558748,2540134,1974414,,,,
R291,R183,BEDFORD PK BLVD,IRT,4,4971483,5245063,7464604,6038284,5642473,4579504,1489105,1855589,,,,BEDFORD PARK BL
R293,R133,MOSHOLU PKWY,IRT,4,8019878,2904995,11664739,3751015,9110888,3073426,2396536,1381915,,,,"MOSHOLU PKY,MOSHOLU PARKWAY"
R294,R052,WOODLAWN,IRT,4,6820012,3080140,9816401,2705530,7677648,1940273,1996385,855831,,,,WOODLAWN ROAD
R301,R323,CENTRAL PK N110,IRT,23,7338091,4581318,12440647,10429124,9617008,8887662,1878233,2868616,,,,"110 ST,110 ST-CPN"
R302,R324,116 ST,IRT,23,6689732,1495656,11132068,2317263,8801891,2257727,1855701,957203,,,,
R303,R324,116 ST,IRT,23,2672704,2626569,4378525,4245481,3305514,3666643,747780,1332503,,,,
R304,R206,125 ST,IRT,23,7883072,2334601,12962390,3790949,10606728,3650123,2138476,1482228,,,,
R305,R206,125 ST,IRT,23,4387745,2586103,7398168,3706568,5942348,3458340,1299195,1386644,,,,
R306,R207,135 ST,IRT,23,8406201,1606026,14211226,2156912,11570884,1816171,2332126,802992,,,,
R307,R207,135 ST,IRT,23,3360537,3623998,5452144,4332055,4115321,3367490,950478,1390459,,,,
R308,R344,145 ST,IRT,3,2693077,128655,4527684,211071,3252781,237800,871937,169576,,,,
R309,R345,HARLEM 148 ST,IRT,3,2961143,2620181,4975744,4451737,4192686,4082612,900749,1254982,,,,148 ST-LENOX
R310,R053,3 AV-149 ST,IRT,25,15225327,3068551,23380310,4254844,18944779,3569369,4011289,1810194,,,,"149 ST - 3 AVE,149 ST-3 AVE"
R311,R053,3 AV-149 ST,IRT,25,4741097,6204989,6980085,8437971,5596980,7245421,1352140,3246816,,,,"149 ST - 3 AVE,149 ST-3 AVE"
R312,R405,JACKSON AV,IRT,25,4240379,811271,7027725,1361244,5793620,1198264,1384363,425036,,,,JACKSON AVE
R314,R406,PROSPECT AV,IRT,25,4671758,498477,7708455,693180,6336499,856988,1477364,371902,,,,PROSPECT AVE
R315,R406,PROSPECT AV,IRT,25,1296585,1177645,2017621,1901090,1532642,1797326,418268,626002,,,,PROSPECT AVE
R316,R407,INTERVALE AV,IRT,25,2505228,2418128,4293986,4094489,3492236,3612359,914155,1391786,,,,INTERVALE-163
R317,R408,SIMPSON ST,IRT,25,2131314,1270146,3256893,1554395,2353018,1895027,610404,719063,,,,
R318,R408,SIMPSON ST,IRT,25,5813312,666887,9131940,956845,7202305,1033803,1652712,397992,,,,
R319,R409,FREEMAN ST,IRT,25,831319,2657752,1319104,4320684,983845,3773558,273640,1577778,,,,
R320,R409,FREEMAN ST,IRT,25,2877939,335475,4822211,553982,4019527,626026,979260,275023,,,,
R321,R386,174 ST,IRT,25,1335919,4029360,2076497,5470443,1488352,4728830,399398,1824273,,,,
R322,R386,174 ST,IRT,25,4586828,1632606,7384839,2459866,6021130,2405665,1358776,893134,,,,
R323,R387,WEST FARMS SQ,IRT,25,6707310,6088008,10109052,7933153,7709728,5088527,1744648,1989445,,,,"E TREMONT AV,E TREMONT AVE"
R325,R388,E 180 ST,IRT,25,5715547,5348030,9740034,8096034,8511639,7571626,2160586,2721913,,,,
R326,R389,BRONX PARK EAST,IRT,25,2334492,976055,3601372,1430226,2716636,1193397,692724,483539,,,,
R327,R361,PELHAM PKWY,IRT,25,2392970,919064,3726237,1248962,2786361,940663,646741,211134,,,,"PELHAM PKY,PELHAM PARKWAY"
R328,R361,PELHAM PKWY,IRT,25,5188768,2550381,8553084,3845783,6739011,3450489,1654670,1520047,,,,"PELHAM PKY,PELHAM PARKWAY"
R329,R362,ALLERTON AV,IRT,25,4495246,1965373,7195488,2915250,5739240,2460065,1414071,970337,,,,ALLERTON AVE
R330,R363,BURKE AV,IRT,25,2888991,1043508,4567540,1594201,3600582,1523359,883590,605037,,,,BURKE AVE
R331,R364,GUN HILL RD,IRT,25,5997333,6310399,9820391,10063719,8059000,9128760,1875744,3198414,,,,GUN HILL ROAD
R332,R365,219 ST,IRT,25,2837788,1239146,4423001,1914875,3560348,1894733,835791,709480,,,,
R333,R366,225 ST,IRT,25,3670398,1644856,5759769,2341164,4384917,2306259,1032539,920679,,,,
R334,R367,233 ST,IRT,25,4528792,1352167,7048601,2185205,5304073,1735942,1381000,765052,,,,
R335,R444,NEREID AV,IRT,25,2873411,1090709,4738399,1812454,3668326,1519851,964227,619375,,,,"238 ST,NEREID AVE"
R336,R145,WAKEFIELD/241,IRT,2,4538326,4499060,6834387,6856714,5517652,6021478,1462755,2143550,,,,"241 ST,WAKEFIELD-241"
R401,R445,3 AV 138 ST,IRT,6,6233602,5088818,10163928,7611640,8887680,6420489,2254074,2540614,,,,"138 ST-3 AV,138 ST-3 AVE"
R402,R446,BROOK AV,IRT,6,4277717,1141195,6544221,1692694,5465665,1715833,1373874,724012,,,,BROOK AVE
R403,R446,BROOK AV,IRT,6,970772,3692145,1457977,5358155,1240811,4720319,351266,1761698,,,,BROOK AVE
R404,R447,CYPRESS AV,IRT,6,2466499,893122,3945808,1319629,3184432,1319226,700155,535271,,,,CYPRESS AVE
R405,R447,CYPRESS AV,IRT,6,654694,1491927,1036025,1991649,802277,1591965,180241,528859,,,,CYPRESS AVE
R406,R448,E 143/ST MARY'S,IRT,6,612595,224133,955268,361817,893009,367145,288800,197078,,,,E 143 ST
R407,R448,E 143/ST MARY'S,IRT,6,159503,620696,240515,946752,207967,906492,76931,395298,,,,E 143 ST
R408,R449,E 149 ST,IRT,6,2704722,1177558,4365967,1805702,4058540,1775561,1031570,669512,,,,
R409,R449,E 149 ST,IRT,6,1078753,2360159,1614109,3588763,1325426,3473788,380113,1327084,,,,
R410,R450,LONGWOOD AV,IRT,6,2247106,780666,3432630,1174539,2801955,1122774,745692,457520,,,,LONGWOOD AVE
R411,R450,LONGWOOD AV,IRT,6,667057,1885311,1007977,2747038,742803,2139927,248159,845672,,,,LONGWOOD AVE
R412,R146,HUNTS POINT AV,IRT,6,8810202,6306566,13046208,9971036,11457871,9879010,2997999,3735980,,,,HUNTS POINT AVE
R413,R325,WHITLOCK AV,IRT,6,1374672,1437928,2216378,2206578,2107303,2313690,562969,902140,9/11/10 14:53,,,WHITLOCK AVE
R414,R162,ELDER AV,IRT,6,4673953,3669470,8384612,8083760,7228665,7262302,1950802,3042357,,,,ELDER AVE
R415,R120,MORISN AV/SNDVW,IRT,6,5635378,5109684,8519188,7424305,7175210,6374889,1866532,2470583,9/12/10 12:25,,,MORRISON AVE
R416,R245,ST LAWRENCE AV,IRT,6,2927277,2287547,5285072,4990132,4584673,4475641,1187405,1687777,,,,ST LAWRENCE AVE
R417,R222,PARKCHESTER,IRT,6,15556976,21174166,21504791,22120438,17171967,18396404,4545561,6207323,,,,E 177 ST-PARKCH
R418,R106,CASTLE HILL AV,IRT,6,6478562,3961189,7629015,6749383,7107198,7465519,2750661,2637200,,,,CASTLE HILL AVE
R419,R326,ZEREGA AV,IRT,6,2246938,1602458,6001441,3826425,2801717,2668540,677729,918007,,,,ZEREGA AVE
R420,R107,WESTCHESTER SQ,IRT,6,5375327,5156618,8388115,7482774,6521010,6167287,1591309,2262631,,,,
R421,R427,MIDDLETOWN RD,IRT,6,1578421,516582,2576415,2179163,2141074,2101519,519275,710524,,,,MIDDLETOWN ROAD
R422,R428,BUHRE AV,IRT,6,2707241,1311843,3532096,2289726,3932922,3819937,1005305,1399911,,,,BUHRE AVE
R423,R429,PELHAM BAY PARK,IRT,6,5767125,4328976,9244821,6020598,7792904,4741586,1835286,1675495,,,,
R501,R054,5 AVE,IRT,7BDFM,8972633,8405856,14810574,13212099,13241318,11351422,2517308,3212135,,,,"FIFTH AVE,5 AVE-BRYANT PK"
R503,R276,VERNON-JACKSON,IRT,7,1533680,4929193,3215980,10522351,3270233,8815644,921503,2884721,,,,VERNON/JACKSON
R504,R276,VERNON-JACKSON,IRT,7,7174187,1520440,11516701,2873830,12244701,3414309,1745098,1306503,,,,VERNON/JACKSON
R506,R276,VERNON-JACKSON,IRT,7,1874432,135035,3134573,226982,3093514,194499,494182,83751,,,,VERNON/JACKSON
R507,R134,HUNTERS PT AV,IRT,7,4560945,3902832,7418462,6380163,6663972,5643765,1269785,1568051,,,,HUNTERS PT AVE
R508,R346,COURT SQ,IRT,7,6111469,5418176,5721187,6189307,5137293,5809615,1347058,2316264,,,,45 RD-COURT H S
R509,R121,QUEENSBORO PLZ,IRT,7NQW,8502044,2971912,15408270,5043663,16694839,5244958,3396918,1788517,,,,
R510,R090,39 AV,BMT,NQW,2425016,2573100,4290328,3595425,2864076,2353658,710512,1227399,,,,"BEEBE-39 AV,BEEBE-39 AVE"
R511,R091,36 AV,BMT,NQW,6364323,6623276,9685960,8757470,5963901,5841595,1579188,2624801,,,,WASHINGTON-36 A
R512,R092,BROADWAY,BMT,NQW,11152555,9817422,17341060,13890927,11523703,9071054,2766878,4203067,,,,BROADWAY-31 ST
R513,R093,30 AV,BMT,NQW,12233343,10246699,19098620,15902419,12931335,10675004,3078011,4378237,,,,"GRAND-30 AV,GRAND-30 AVE"
R514,R094,ASTORIA BLVD,BMT,NQW,10385086,8194777,15805536,11527335,10791640,11441716,2479034,3293872,,,,HOYT ST-ASTORIA
R515,R095,ASTORIA DITMARS,BMT,NQW,14171930,13319374,21880469,19897307,17097525,14551042,3682267,5174130,,,,DITMARS BL-31 S
R516,R291,33 ST-RAWSON ST,IRT,7,7861290,6887176,11502948,8589388,7824055,6395786,1329273,1808881,,,,33 ST/RAWSON ST
R517,R291,33 ST-RAWSON ST,IRT,7,2247025,1738213,3657895,2534416,2564065,1863298,603900,613112,,,,33 ST/RAWSON ST
R518,R261,40 ST LOWERY ST,IRT,7,9182496,8824992,13859818,12469051,10724272,9717902,2493276,3423826,,,,40 ST-LOWERY ST
R519,R223,46 ST BLISS ST,IRT,7,8105241,8659928,11939682,12432013,9366267,9809133,2308603,3644994,,,,46 ST-BLISS ST
R520,R223,46 ST BLISS ST,IRT,7,4595458,1569603,6708987,2133180,4910251,1527175,1227900,1142222,,,,46 ST-BLISS ST
R521,R327,52 ST,IRT,7,5774391,6003127,8775589,8775847,6816402,6583796,1704783,2384605,,,,52 ST-LINCOLN
R523,R147,61 ST WOODSIDE,IRT,7,14691044,14857986,21888987,22606770,18828422,20113293,5184494,7475689,,,,61 ST/WOODSIDE
R524,R347,69 ST,IRT,7,4527646,4444652,6673673,6576444,5489475,5794571,1756444,2544543,,,,"69 ST-FISK AV,69 ST-FISK AVE"
R525,R018,74 ST-BROADWAY,IRT,7EFMR,3537546,4543442,4663330,6446487,3708319,5588029,1102485,2132851,,,,
R526,R096,82 ST-JACKSON H,IRT,7,13910385,15670207,20710062,23614186,17185113,20452331,5414664,8953017,,,,
R527,R122,90 ST-ELMHURST,IRT,7,14847523,8938782,22045949,11332757,18823594,9185997,5578050,3771500,,,,
R528,R097,JUNCTION BLVD,IRT,7,18938609,16884571,28207642,24470892,24696957,21673516,7915976,9456937,,,,
R529,R208,103 ST-CORONA,IRT,7,16498204,12962784,25970407,19428025,22736258,17426254,6920894,8167888,,,,
R530,R310,111 ST,IRT,7,9480402,7507691,14766663,10290691,13426620,8516985,4123996,3669003,,,,
R532,R328,METS-WILLETS PT,IRT,7,4234658,2851410,6534095,4051872,5275598,3127676,1458823,1420848,,,,WILLETS PT-SHEA
R532G,R328,METS-WILLETS PT,IRT,7,,,0,0,,,,,,,,
R532H,R328,METS-WILLETS PT,IRT,7,921365,2417358,1776127,3782081,1086381,2805129,248948,1498387,,,,WILLETS PT-SHEA
R533,R055,FLUSHING-MAIN,IRT,7,36253486,34148513,54871988,45995598,45156163,36876360,12627747,14017495,,,,MAIN ST
R534,R055,FLUSHING-MAIN,IRT,7,16004858,14560380,22728780,20037561,17355343,15823826,4048950,5989682,,,,MAIN ST
R550,R072,34 ST-HUDSON YD,IRT,7,,,3404239,4154494,13064539,14264724,3758336,6010290,8/1/15 0:00,,,
R551,R072,34 ST-HUDSON YD,IRT,7,,,,,1550782,1811367,647377,1189583,7/26/18 16:00,,,
R600,R224,CLARK ST,IRT,23,4885393,4979597,8121421,5449526,5666848,3166186,912016,1061609,,,,
R601A,R108,BOROUGH HALL,IRT,2345R,8524831,8703494,11845309,12414320,8933836,9651848,1830573,3063670,,,,BOROUGH HALL/CT
R602,R108,BOROUGH HALL,IRT,2345R,12998452,7800194,20210753,11986966,14721202,9287018,2486056,2325356,,,,BOROUGH HALL/CT
R604,R108,BOROUGH HALL,IRT,2345R,7217090,2762758,12122272,4357101,9250087,3181971,1617547,965134,,,,BOROUGH HALL/CT
R605,R456,HOYT ST,IRT,23,1716854,3533615,3262200,5157442,2881505,4138270,569114,1519150,,,,
R606,R225,HOYT ST,IRT,23,3638394,1923263,5794224,3114380,4671204,2459449,1167181,887722,,,,
R608,R056,NEVINS ST,IRT,2345,5188379,4594035,7020580,7144499,5749461,5940506,1168533,1745490,,,,
R609,R056,NEVINS ST,IRT,2345,4582473,4420152,6963720,5921407,5366396,5100891,1012364,1607949,,,,
R610,R057,ATL AV-BARCLAY,IRT,2345BDNQR,19007650,16150295,27126115,23438035,22821178,21059110,4650314,6234904,,,,"ATLANTIC AVE,BARCLAYS CENTER"
R612,R057,ATL AV-BARCLAY,IRT,BDNQR2345,696041,609926,12622567,9835693,11818154,9227821,2516036,3280944,9/6/12 20:00,,,BARCLAYS CENTER
R617,R058,BERGEN ST,IRT,23,2885543,862985,3914859,1264673,3130746,1040523,584114,390573,,,,
R618,R058,BERGEN ST,IRT,23,771785,1963117,1128302,2793686,915170,2289900,219681,810592,,,,
R619,R059,GRAND ARMY PLAZ,IRT,23,6632630,3511260,9977919,4557437,7689118,3023000,1555000,1074083,,,,
R621,R060,EASTN PKWY-MUSM,IRT,23,4294479,4124825,6632754,6265074,9237052,5278990,1006030,1878764,,,,EASTERN PKWY
R622,R123,FRANKLIN AV,IRT,2345S,11319518,8861700,18746505,11919994,15028171,8918793,3016657,3187175,,,,FRANKLIN AVE
R623,R061,NOSTRAND AV,IRT,3,3603196,3702431,5526898,5549921,4533828,4595370,986736,1527206,,,,NOSTRAND AVE
R624,R124,KINGSTON AV,IRT,3,4129907,3718515,6310741,5413494,5102071,4411797,1172026,1615314,,,,KINGSTON AVE
R625,R062,CROWN HTS-UTICA,IRT,34,6290181,4772133,9850390,7552103,8053338,6689985,1975345,2140187,,,,UTICA AVE
R626,R062,CROWN HTS-UTICA,IRT,34,17033401,14032970,25966080,18599962,21228083,16162831,4801784,5560547,,,,UTICA AVE
R627,R063,SUTTER AV-RUTLD,IRT,3,6395318,3561442,9531350,5234995,6100682,6795518,1838281,2811371,,,,SUTTER AVE
R628,R064,SARATOGA AV,IRT,3,4706088,2660964,7351664,3539237,5764401,6035361,1467580,2133373,,,,SARATOGA AVE
R629,R065,ROCKAWAY AV,IRT,3,4804520,4735690,5664318,5496899,5445022,6071111,1331647,2095301,,,,ROCKAWAY AVE
R630,R066,JUNIUS ST,IRT,3,1875421,1264507,3121411,1256237,1978204,2456238,659744,1204496,,,,
R632,R067,PENNSYLVANIA AV,IRT,3,4856990,1618913,6528653,1623004,4446508,2362956,1278583,936120,,,,
R633,R068,VAN SICLEN AV,IRT,3,2867004,1089457,3726135,2017732,3374303,3650973,738802,1148123,,,,VAN SICLEN AVE
R634,R069,NEW LOTS AV,IRT,3,5451585,3612456,8674793,5781221,6282937,6582390,1572413,2318644,,,,NEW LOTS AVE
R635,R277,PRESIDENT ST,IRT,25,3122652,3511540,4991778,5504690,4001931,4539712,917656,1486686,,,,
R636,R209,STERLING ST,IRT,25,4898954,3108450,7398433,4629020,6052799,3833843,1459479,1405077,,,,
R637,R451,WINTHROP ST,IRT,25,5942715,1619669,9066592,2141278,7305398,1554210,1952497,490816,,,,
R639,R109,CHURCH AV,IRT,25,8338922,2114220,12449034,3074881,10515048,2443267,2656227,829058,,,,CHURCH AVE
R641,R210,BEVERLY RD,IRT,25,3511293,705893,5635254,1063284,4682144,945789,1208731,376445,,,,BEVERLY ROAD
R643,R135,NEWKIRK AV,IRT,25,6234018,379072,9569538,622676,7656289,634887,1941024,274528,,,,NEWKIRK AVE
R644,R135,NEWKIRK AV,IRT,25,169668,3800674,310405,5858466,366525,4741662,69267,1677074,,,,NEWKIRK AVE
R645,R110,FLATBUSH AV-B.C,IRT,25,11274240,6408239,16069961,7863556,12346498,5702179,3038058,2346461,,,,"FLATBUSH AV,FLATBUSH AVE"
R646,R110,FLATBUSH AV-B.C,IRT,25,3910829,1893229,6344037,3464344,5210273,3494848,1074630,1148742,,,,"FLATBUSH AV,FLATBUSH AVE"
R647,R110,FLATBUSH AV-B.C,IRT,25,2902517,3039185,4325768,4283099,3341485,3455227,694484,1147003,,,,"FLATBUSH AV,FLATBUSH AVE"
R726,R329,MORRIS PARK,IRT,5,1534493,1573109,2586060,2591139,2413206,2464261,586420,867169,,,,
R727,R430,PELHAM PKWY,IRT,5,2479960,2248367,3686742,2839526,3075826,2359910,749531,910192,,,,"PELHAM PKY,PELHAM PARKWAY"
R728,R226,GUN HILL RD,IRT,5,4727342,1370828,6891984,1943103,4904849,2136077,1304758,2114655,,,,GUN HILL ROAD
R729,R292,BAYCHESTER AV,IRT,5,3079170,644268,4765469,586424,3735021,711251,821182,311153,,,,BAYCHESTER AVE
R730,R431,EASTCHSTER/DYRE,IRT,5,3703590,3628681,5639543,5432656,4679839,4872976,1179205,1743446,,,,"DYRE AV,DYRE AVE"
S101,R070,ST. GEORGE,SRT,1,21209513,26123,7560076,930,6432225,9933,1158932,19475,,,,
S101A,R070,ST. GEORGE,SRT,1,13348277,231012,8076501,4403,6897785,1495,1261036,166,,,,
S102,R165,TOMPKINSVILLE,SRT,1,687821,13,1005715,47,855967,24,219266,10,,,,
TRAM1,R468,RIT-MANHATTAN,RIT,R,2361130,52844,5573116,76743,4353380,114918,1783620,168368,11/20/10 0:00,,,
TRAM2,R469,RIT-ROOSEVELT,RIT,R,2351652,54302,5584241,89238,4394215,486082,1621949,51851,11/20/10 0:00,,,